GAME_ID,TEAM_ID,TEAM_ABBREVIATION,TEAM_CITY,PLAYER_ID,PLAYER_NAME,NICKNAME,START_POSITION,COMMENT,MIN,FGM,FGA,FG_PCT,FG3M,FG3A,FG3_PCT,FTM,FTA,FT_PCT,OREB,DREB,REB,AST,STL,BLK,TO,PF,PTS,PLUS_MINUS,HOME_TEAM_ID,VISITOR_TEAM_ID
0022400184,1610612754,IND,Indiana,1631097,Bennedict Mathurin,Bennedict,F,,36.000000:03,8.0,16.0,0.5,2.0,2.0,1.0,4.0,5.0,0.8,1.0,5.0,6.0,2.0,2.0,0.0,1.0,2.0,22.0,-11.0,1610612766,1610612754
0022400184,1610612754,IND,Indiana,1627783,Pascal Siakam,Pascal,F,,33.000000:37,11.0,17.0,0.647,5.0,7.0,0.714,0.0,2.0,0.0,0.0,4.0,4.0,3.0,3.0,0.0,2.0,2.0,27.0,5.0,1610612766,1610612754
0022400184,1610612754,IND,Indiana,1626167,Myles Turner,Myles,C,,31.000000:52,5.0,13.0,0.385,1.0,3.0,0.333,1.0,4.0,0.25,4.0,6.0,10.0,1.0,1.0,2.0,3.0,2.0,12.0,-23.0,1610612766,1610612754
0022400184,1610612754,IND,Indiana,1641767,Ben Sheppard,Ben,G,,30.000000:58,1.0,7.0,0.143,0.0,4.0,0.0,0.0,0.0,0.0,0.0,3.0,3.0,3.0,1.0,0.0,0.0,5.0,2.0,-9.0,1610612766,1610612754
0022400184,1610612754,IND,Indiana,1630169,Tyrese Haliburton,Tyrese,G,,34.000000:13,2.0,11.0,0.182,0.0,4.0,0.0,2.0,2.0,1.0,1.0,6.0,7.0,9.0,1.0,1.0,2.0,1.0,6.0,-21.0,1610612766,1610612754
0022400184,1610612754,IND,Indiana,1630167,Obi Toppin,Obi,,,20.000000:38,1.0,4.0,0.25,0.0,2.0,0.0,0.0,0.0,0.0,1.0,1.0,2.0,1.0,1.0,0.0,1.0,0.0,2.0,-22.0,1610612766,1610612754
0022400184,1610612754,IND,Indiana,1631245,Quenton Jackson,Quenton,,,19.000000:48,3.0,7.0,0.429,1.0,3.0,0.333,0.0,0.0,0.0,0.0,2.0,2.0,2.0,0.0,0.0,2.0,2.0,7.0,-8.0,1610612766,1610612754
0022400184,1610612754,IND,Indiana,1641716,Jarace Walker,Jarace,,,17.000000:50,2.0,5.0,0.4,0.0,1.0,0.0,1.0,1.0,1.0,0.0,2.0,2.0,3.0,0.0,1.0,1.0,2.0,5.0,-5.0,1610612766,1610612754
0022400184,1610612754,IND,Indiana,1642277,Johnny Furphy,Johnny,,,3.000000:53,0.0,1.0,0.0,0.0,1.0,0.0,0.0,0.0,0.0,0.0,1.0,1.0,0.0,0.0,0.0,0.0,0.0,0.0,-1.0,1610612766,1610612754
0022400184,1610612754,IND,Indiana,1642402,Enrique Freeman,Enrique,,,8.000000:57,0.0,1.0,0.0,0.0,1.0,0.0,0.0,0.0,0.0,0.0,0.0,0.0,0.0,1.0,0.0,0.0,0.0,0.0,-3.0,1610612766,1610612754
0022400184,1610612754,IND,Indiana,201949,James Johnson,James,,,2.000000:11,0.0,1.0,0.0,0.0,1.0,0.0,0.0,0.0,0.0,0.0,0.0,0.0,0.0,0.0,0.0,0.0,0.0,0.0,-2.0,1610612766,1610612754
0022400184,1610612754,IND,Indiana,1629614,Andrew Nembhard,Andrew,,DNP - Injury/Illness,,,,,,,,,,,,,,,,,,,,,1610612766,1610612754
0022400184,1610612766,CHA,Charlotte,1630182,Josh Green,Josh,F,,18.000000:39,1.0,2.0,0.5,0.0,1.0,0.0,0.0,0.0,0.0,1.0,0.0,1.0,0.0,0.0,1.0,1.0,3.0,2.0,-12.0,1610612766,1610612754
0022400184,1610612766,CHA,Charlotte,1642275,Tidjane Salaün,Tidjane,F,,21.000000:29,1.0,6.0,0.167,0.0,3.0,0.0,0.0,0.0,0.0,3.0,4.0,7.0,1.0,0.0,0.0,2.0,2.0,2.0,-11.0,1610612766,1610612754
0022400184,1610612766,CHA,Charlotte,201959,Taj Gibson,Taj,C,,12.000000:55,1.0,1.0,1.0,0.0,0.0,0.0,0.0,0.0,0.0,0.0,3.0,3.0,1.0,0.0,0.0,1.0,2.0,2.0,-15.0,1610612766,1610612754
0022400184,1610612766,CHA,Charlotte,1641706,Brandon Miller,Brandon,G,,33.000000:25,10.0,17.0,0.588,7.0,11.0,0.636,2.0,2.0,1.0,0.0,6.0,6.0,6.0,1.0,1.0,1.0,1.0,29.0,26.0,1610612766,1610612754
0022400184,1610612766,CHA,Charlotte,1630163,LaMelo Ball,LaMelo,G,,33.000000:14,10.0,29.0,0.345,5.0,18.0,0.278,6.0,8.0,0.75,1.0,6.0,7.0,6.0,1.0,1.0,1.0,2.0,31.0,-8.0,1610612766,1610612754
0022400184,1610612766,CHA,Charlotte,1629684,Grant Williams,Grant,,,30.000000:40,3.0,8.0,0.375,0.0,5.0,0.0,2.0,2.0,1.0,2.0,7.0,9.0,1.0,1.0,1.0,3.0,3.0,8.0,33.0,1610612766,1610612754
0022400184,1610612766,CHA,Charlotte,1630544,Tre Mann,Tre,,,27.000000:02,6.0,13.0,0.462,2.0,5.0,0.4,0.0,0.0,0.0,1.0,1.0,2.0,4.0,1.0,0.0,3.0,1.0,14.0,17.0,1610612766,1610612754
0022400184,1610612766,CHA,Charlotte,1628998,Cody Martin,Cody,,,26.000000:54,6.0,11.0,0.545,3.0,6.0,0.5,0.0,0.0,0.0,1.0,4.0,5.0,4.0,1.0,0.0,0.0,0.0,15.0,39.0,1610612766,1610612754
0022400184,1610612766,CHA,Charlotte,1631217,Moussa Diabaté,Moussa,,,28.000000:59,0.0,1.0,0.0,0.0,0.0,0.0,0.0,0.0,0.0,4.0,11.0,15.0,0.0,1.0,3.0,2.0,1.0,0.0,34.0,1610612766,1610612754
0022400184,1610612766,CHA,Charlotte,203552,Seth Curry,Seth,,,4.000000:15,0.0,0.0,0.0,0.0,0.0,0.0,0.0,0.0,0.0,0.0,0.0,0.0,0.0,0.0,0.0,0.0,1.0,0.0,-3.0,1610612766,1610612754
0022400184,1610612766,CHA,Charlotte,1641733,Nick Smith Jr.,Nick,,,1.000000:14,0.0,1.0,0.0,0.0,1.0,0.0,0.0,0.0,0.0,0.0,0.0,0.0,0.0,0.0,0.0,0.0,0.0,0.0,0.0,1610612766,1610612754
0022400184,1610612766,CHA,Charlotte,1631197,Jared Rhoden,Jared,,,1.000000:14,0.0,1.0,0.0,0.0,0.0,0.0,0.0,0.0,0.0,0.0,1.0,1.0,0.0,0.0,0.0,0.0,0.0,0.0,0.0,1610612766,1610612754
0022400184,1610612766,CHA,Charlotte,203995,Vasilije Micić,Vasilije,,DNP - Coach's Decision,,,,,,,,,,,,,,,,,,,,,1610612766,1610612754
0022400185,1610612737,ATL,Atlanta,1642258,Zaccharie Risacher,Zaccharie,F,,25.000000:04,2.0,7.0,0.286,0.0,3.0,0.0,3.0,4.0,0.75,4.0,1.0,5.0,3.0,0.0,1.0,3.0,3.0,7.0,-4.0,1610612765,1610612737
0022400185,1610612737,ATL,Atlanta,1630552,Jalen Johnson,Jalen,F,,37.000000:10,8.0,19.0,0.421,2.0,6.0,0.333,2.0,2.0,1.0,0.0,9.0,9.0,1.0,0.0,1.0,1.0,2.0,20.0,-12.0,1610612765,1610612737
0022400185,1610612737,ATL,Atlanta,203991,Clint Capela,Clint,C,,18.000000:40,3.0,10.0,0.3,0.0,0.0,0.0,1.0,4.0,0.25,7.0,5.0,12.0,2.0,0.0,1.0,2.0,1.0,7.0,-4.0,1610612765,1610612737
0022400185,1610612737,ATL,Atlanta,1630700,Dyson Daniels,Dyson,G,,38.000000:28,7.0,17.0,0.412,2.0,6.0,0.333,2.0,2.0,1.0,1.0,2.0,3.0,2.0,7.0,2.0,2.0,4.0,18.0,10.0,1610612765,1610612737
0022400185,1610612737,ATL,Atlanta,1629027,Trae Young,Trae,G,,41.000000:00,11.0,25.0,0.44,6.0,12.0,0.5,7.0,8.0,0.875,0.0,2.0,2.0,13.0,2.0,0.0,3.0,2.0,35.0,14.0,1610612765,1610612737
0022400185,1610612737,ATL,Atlanta,1631223,David Roddy,David,,,15.000000:57,1.0,1.0,1.0,1.0,1.0,1.0,0.0,0.0,0.0,0.0,5.0,5.0,3.0,1.0,0.0,3.0,3.0,3.0,5.0,1610612765,1610612737
0022400185,1610612737,ATL,Atlanta,1630168,Onyeka Okongwu,Onyeka,,,16.000000:49,4.0,7.0,0.571,0.0,1.0,0.0,0.0,0.0,0.0,2.0,3.0,5.0,3.0,0.0,1.0,1.0,4.0,8.0,3.0,1610612765,1610612737
0022400185,1610612737,ATL,Atlanta,1629726,Garrison Mathews,Garrison,,,27.000000:21,2.0,5.0,0.4,1.0,4.0,0.25,3.0,3.0,1.0,1.0,1.0,2.0,1.0,1.0,0.0,0.0,0.0,8.0,-2.0,1610612765,1610612737
0022400185,1610612737,ATL,Atlanta,1630811,Keaton Wallace,Keaton,,,7.000000:00,1.0,1.0,1.0,0.0,0.0,0.0,0.0,0.0,0.0,0.0,0.0,0.0,0.0,0.0,1.0,2.0,0.0,2.0,-15.0,1610612765,1610612737
0022400185,1610612737,ATL,Atlanta,1626204,Larry Nance Jr.,Larry,,,12.000000:31,5.0,5.0,1.0,3.0,3.0,1.0,0.0,0.0,0.0,0.0,1.0,1.0,2.0,1.0,0.0,0.0,2.0,13.0,0.0,1610612765,1610612737
0022400185,1610612737,ATL,Atlanta,1641723,Kobe Bufkin,Kobe,,DNP - Coach's Decision,,,,,,,,,,,,,,,,,,,,,1610612765,1610612737
0022400185,1610612737,ATL,Atlanta,1631243,Mouhamed Gueye,Mouhamed,,DNP - Coach's Decision,,,,,,,,,,,,,,,,,,,,,1610612765,1610612737
0022400185,1610612765,DET,Detroit,203501,Tim Hardaway Jr.,Tim,F,,29.000000:13,2.0,4.0,0.5,1.0,2.0,0.5,2.0,4.0,0.5,0.0,5.0,5.0,4.0,3.0,0.0,3.0,3.0,7.0,3.0,1610612765,1610612737
0022400185,1610612765,DET,Detroit,202699,Tobias Harris,Tobias,F,,30.000000:34,7.0,13.0,0.538,5.0,8.0,0.625,3.0,4.0,0.75,0.0,6.0,6.0,2.0,0.0,3.0,0.0,1.0,22.0,1.0,1610612765,1610612737
0022400185,1610612765,DET,Detroit,1630191,Isaiah Stewart,Isaiah,C,,32.000000:38,5.0,8.0,0.625,0.0,0.0,0.0,0.0,0.0,0.0,4.0,7.0,11.0,3.0,0.0,1.0,1.0,2.0,10.0,-3.0,1610612765,1610612737
0022400185,1610612765,DET,Detroit,1631093,Jaden Ivey,Jaden,G,,29.000000:30,7.0,13.0,0.538,1.0,4.0,0.25,3.0,7.0,0.429,2.0,1.0,3.0,3.0,1.0,3.0,4.0,4.0,18.0,-3.0,1610612765,1610612737
0022400185,1610612765,DET,Detroit,1630595,Cade Cunningham,Cade,G,,36.000000:16,8.0,17.0,0.471,1.0,4.0,0.25,5.0,5.0,1.0,1.0,10.0,11.0,13.0,1.0,1.0,7.0,2.0,22.0,3.0,1610612765,1610612737
0022400185,1610612765,DET,Detroit,1630194,Paul Reed,Paul,,,15.000000:06,2.0,6.0,0.333,1.0,1.0,1.0,0.0,0.0,0.0,0.0,1.0,1.0,0.0,1.0,0.0,2.0,2.0,5.0,-1.0,1610612765,1610612737
0022400185,1610612765,DET,Detroit,1627736,Malik Beasley,Malik,,,33.000000:32,8.0,14.0,0.571,3.0,9.0,0.333,3.0,5.0,0.6,2.0,0.0,2.0,1.0,0.0,0.0,2.0,2.0,22.0,-3.0,1610612765,1610612737
0022400185,1610612765,DET,Detroit,1631323,Simone Fontecchio,Simone,,,19.000000:34,3.0,6.0,0.5,1.0,4.0,0.25,4.0,5.0,0.8,1.0,4.0,5.0,1.0,1.0,0.0,1.0,1.0,11.0,5.0,1610612765,1610612737
0022400185,1610612765,DET,Detroit,1641842,Ronald Holland II,Ronald,,,13.000000:37,2.0,5.0,0.4,0.0,1.0,0.0,1.0,1.0,1.0,1.0,0.0,1.0,0.0,0.0,0.0,0.0,1.0,5.0,3.0,1610612765,1610612737
0022400185,1610612765,DET,Detroit,1631111,Wendell Moore Jr.,Wendell,,DNP - Coach's Decision,,,,,,,,,,,,,,,,,,,,,1610612765,1610612737
0022400185,1610612765,DET,Detroit,1631204,Marcus Sasser,Marcus,,DNP - Coach's Decision,,,,,,,,,,,,,,,,,,,,,1610612765,1610612737
0022400185,1610612765,DET,Detroit,1631306,Cole Swider,Cole,,DNP - Coach's Decision,,,,,,,,,,,,,,,,,,,,,1610612765,1610612737
0022400186,1610612740,NOP,New Orleans,1627742,Brandon Ingram,Brandon,F,,26.000000:19,4.0,12.0,0.333,1.0,4.0,0.25,2.0,2.0,1.0,1.0,4.0,5.0,5.0,0.0,0.0,6.0,3.0,11.0,-20.0,1610612753,1610612740
0022400186,1610612740,NOP,New Orleans,1630526,Jeremiah Robinson-Earl,Jeremiah,F,,31.000000:33,4.0,12.0,0.333,0.0,2.0,0.0,4.0,4.0,1.0,2.0,2.0,4.0,0.0,3.0,0.0,3.0,3.0,12.0,-6.0,1610612753,1610612740
0022400186,1610612740,NOP,New Orleans,1642274,Yves Missi,Yves,C,,19.000000:45,0.0,0.0,0.0,0.0,0.0,0.0,0.0,0.0,0.0,0.0,1.0,1.0,0.0,1.0,1.0,0.0,2.0,0.0,-30.0,1610612753,1610612740
0022400186,1610612740,NOP,New Orleans,1630527,Brandon Boston Jr.,Brandon,G,,38.000000:13,10.0,17.0,0.588,2.0,4.0,0.5,4.0,4.0,1.0,0.0,6.0,6.0,3.0,2.0,0.0,0.0,0.0,26.0,-19.0,1610612753,1610612740
0022400186,1610612740,NOP,New Orleans,1630631,Jose Alvarado,Jose,G,,34.000000:48,7.0,18.0,0.389,4.0,11.0,0.364,3.0,6.0,0.5,1.0,4.0,5.0,5.0,3.0,0.0,3.0,0.0,21.0,-16.0,1610612753,1610612740
0022400186,1610612740,NOP,New Orleans,1629750,Javonte Green,Javonte,,,24.000000:05,1.0,6.0,0.167,1.0,2.0,0.5,0.0,0.0,0.0,0.0,1.0,1.0,1.0,0.0,0.0,0.0,1.0,3.0,-4.0,1610612753,1610612740
0022400186,1610612740,NOP,New Orleans,1628464,Daniel Theis,Daniel,,,12.000000:07,1.0,3.0,0.333,0.0,0.0,0.0,0.0,0.0,0.0,1.0,0.0,1.0,2.0,0.0,0.0,0.0,1.0,2.0,-6.0,1610612753,1610612740
0022400186,1610612740,NOP,New Orleans,1641810,Antonio Reeves,Antonio,,,18.000000:21,1.0,5.0,0.2,1.0,3.0,0.333,0.0,0.0,0.0,0.0,3.0,3.0,1.0,1.0,0.0,0.0,1.0,3.0,-18.0,1610612753,1610612740
0022400186,1610612740,NOP,New Orleans,1629669,Jaylen Nowell,Jaylen,,,13.000000:12,4.0,9.0,0.444,1.0,4.0,0.25,1.0,1.0,1.0,0.0,0.0,0.0,1.0,0.0,0.0,1.0,0.0,10.0,-11.0,1610612753,1610612740
0022400186,1610612740,NOP,New Orleans,1631288,Jamal Cain,Jamal,,,8.000000:50,0.0,1.0,0.0,0.0,1.0,0.0,0.0,0.0,0.0,0.0,2.0,2.0,0.0,0.0,0.0,0.0,3.0,0.0,-15.0,1610612753,1610612740
0022400186,1610612740,NOP,New Orleans,1641998,Trey Jemison III,Trey,,,12.000000:47,0.0,1.0,0.0,0.0,0.0,0.0,0.0,0.0,0.0,1.0,2.0,3.0,0.0,0.0,0.0,2.0,5.0,0.0,10.0,1610612753,1610612740
0022400186,1610612740,NOP,New Orleans,1629627,Zion Williamson,Zion,,DND - Injury/Illness,,,,,,,,,,,,,,,,,,,,,1610612753,1610612740
0022400186,1610612753,ORL,Orlando,1641783,Tristan da Silva,Tristan,F,,26.000000:40,3.0,11.0,0.273,1.0,7.0,0.143,0.0,0.0,0.0,0.0,3.0,3.0,1.0,0.0,0.0,0.0,1.0,7.0,10.0,1610612753,1610612740
0022400186,1610612753,ORL,Orlando,1630532,Franz Wagner,Franz,F,,32.000000:26,9.0,18.0,0.5,2.0,5.0,0.4,7.0,8.0,0.875,2.0,3.0,5.0,6.0,2.0,0.0,2.0,2.0,27.0,8.0,1610612753,1610612740
0022400186,1610612753,ORL,Orlando,1629048,Goga Bitadze,Goga,C,,26.000000:43,5.0,6.0,0.833,0.0,0.0,0.0,1.0,1.0,1.0,5.0,4.0,9.0,3.0,1.0,2.0,0.0,3.0,11.0,7.0,1610612753,1610612740
0022400186,1610612753,ORL,Orlando,203484,Kentavious Caldwell-Pope,Kentavious,G,,29.000000:03,3.0,9.0,0.333,0.0,4.0,0.0,1.0,1.0,1.0,0.0,3.0,3.0,5.0,4.0,1.0,0.0,1.0,7.0,11.0,1610612753,1610612740
0022400186,1610612753,ORL,Orlando,1630591,Jalen Suggs,Jalen,G,,32.000000:43,3.0,9.0,0.333,1.0,6.0,0.167,0.0,0.0,0.0,0.0,6.0,6.0,3.0,1.0,2.0,5.0,1.0,7.0,9.0,1610612753,1610612740
0022400186,1610612753,ORL,Orlando,1641710,Anthony Black,Anthony,,,24.000000:16,4.0,6.0,0.667,0.0,0.0,0.0,3.0,4.0,0.75,1.0,2.0,3.0,4.0,0.0,1.0,2.0,4.0,11.0,16.0,1610612753,1610612740
0022400186,1610612753,ORL,Orlando,1628371,Jonathan Isaac,Jonathan,,,8.000000:53,4.0,4.0,1.0,0.0,0.0,0.0,2.0,2.0,1.0,2.0,0.0,2.0,0.0,0.0,0.0,0.0,0.0,10.0,8.0,1610612753,1610612740
0022400186,1610612753,ORL,Orlando,203914,Gary Harris,Gary,,,19.000000:29,2.0,3.0,0.667,1.0,2.0,0.5,2.0,3.0,0.667,1.0,0.0,1.0,2.0,0.0,1.0,0.0,1.0,7.0,26.0,1610612753,1610612740
0022400186,1610612753,ORL,Orlando,1629021,Moritz Wagner,Moritz,,,18.000000:15,8.0,11.0,0.727,1.0,1.0,1.0,0.0,0.0,0.0,0.0,4.0,4.0,2.0,0.0,0.0,3.0,0.0,17.0,17.0,1610612753,1610612740
0022400186,1610612753,ORL,Orlando,1630175,Cole Anthony,Cole,,,12.000000:00,3.0,5.0,0.6,1.0,3.0,0.333,1.0,2.0,0.5,0.0,6.0,6.0,2.0,1.0,0.0,1.0,0.0,8.0,14.0,1610612753,1610612740
0022400186,1610612753,ORL,Orlando,1641724,Jett Howard,Jett,,,4.000000:17,0.0,1.0,0.0,0.0,1.0,0.0,0.0,0.0,0.0,0.0,0.0,0.0,0.0,0.0,0.0,0.0,1.0,0.0,3.0,1610612753,1610612740
0022400186,1610612753,ORL,Orlando,1631216,Caleb Houstan,Caleb,,,3.000000:02,0.0,1.0,0.0,0.0,1.0,0.0,0.0,0.0,0.0,0.0,1.0,1.0,0.0,0.0,1.0,0.0,0.0,0.0,3.0,1610612753,1610612740
0022400186,1610612753,ORL,Orlando,202709,Cory Joseph,Cory,,,2.000000:13,1.0,2.0,0.5,1.0,2.0,0.5,0.0,0.0,0.0,0.0,0.0,0.0,0.0,0.0,0.0,0.0,0.0,3.0,3.0,1610612753,1610612740
0022400187,1610612751,BKN,Brooklyn,1629661,Cameron Johnson,Cameron,F,,39.000000:35,6.0,13.0,0.462,3.0,8.0,0.375,3.0,3.0,1.0,2.0,6.0,8.0,4.0,0.0,0.0,0.0,2.0,18.0,1.0,1610612738,1610612751
0022400187,1610612751,BKN,Brooklyn,1627827,Dorian Finney-Smith,Dorian,F,,31.000000:05,2.0,6.0,0.333,1.0,3.0,0.333,0.0,0.0,0.0,2.0,3.0,5.0,2.0,0.0,1.0,1.0,5.0,5.0,0.0,1610612738,1610612751
0022400187,1610612751,BKN,Brooklyn,1629651,Nic Claxton,Nic,C,,28.000000:00,1.0,3.0,0.333,0.0,0.0,0.0,0.0,0.0,0.0,1.0,9.0,10.0,3.0,0.0,2.0,0.0,1.0,2.0,1.0,1610612738,1610612751
0022400187,1610612751,BKN,Brooklyn,1630560,Cam Thomas,Cam,G,,38.000000:00,11.0,22.0,0.5,4.0,9.0,0.444,5.0,7.0,0.714,0.0,3.0,3.0,1.0,1.0,0.0,2.0,5.0,31.0,-4.0,1610612738,1610612751
0022400187,1610612751,BKN,Brooklyn,203471,Dennis Schröder,Dennis,G,,37.000000:28,9.0,23.0,0.391,2.0,8.0,0.25,0.0,0.0,0.0,0.0,3.0,3.0,3.0,4.0,0.0,4.0,2.0,20.0,-2.0,1610612738,1610612751
0022400187,1610612751,BKN,Brooklyn,1630592,Jalen Wilson,Jalen,,,24.000000:39,3.0,10.0,0.3,0.0,4.0,0.0,2.0,2.0,1.0,1.0,1.0,2.0,1.0,0.0,0.0,1.0,1.0,8.0,-1.0,1610612738,1610612751
0022400187,1610612751,BKN,Brooklyn,1630533,Ziaire Williams,Ziaire,,,23.000000:16,4.0,11.0,0.364,0.0,3.0,0.0,1.0,2.0,0.5,4.0,8.0,12.0,1.0,0.0,0.0,0.0,3.0,9.0,-5.0,1610612738,1610612751
0022400187,1610612751,BKN,Brooklyn,1627732,Ben Simmons,Ben,,,27.000000:17,4.0,6.0,0.667,0.0,0.0,0.0,0.0,0.0,0.0,1.0,5.0,6.0,8.0,1.0,0.0,3.0,1.0,8.0,-8.0,1610612738,1610612751
0022400187,1610612751,BKN,Brooklyn,1630553,Keon Johnson,Keon,,,15.000000:40,1.0,6.0,0.167,0.0,3.0,0.0,1.0,1.0,1.0,1.0,1.0,2.0,1.0,0.0,0.0,1.0,2.0,3.0,-2.0,1610612738,1610612751
0022400187,1610612751,BKN,Brooklyn,1641730,Noah Clowney,Noah,,DNP - Coach's Decision,,,,,,,,,,,,,,,,,,,,,1610612738,1610612751
0022400187,1610612751,BKN,Brooklyn,1631213,Tyrese Martin,Tyrese,,DNP - Coach's Decision,,,,,,,,,,,,,,,,,,,,,1610612738,1610612751
0022400187,1610612751,BKN,Brooklyn,1629003,Shake Milton,Shake,,DNP - Coach's Decision,,,,,,,,,,,,,,,,,,,,,1610612738,1610612751
0022400187,1610612751,BKN,Brooklyn,1642385,Cui Yongxi,Cui,,DNP - Coach's Decision,,,,,,,,,,,,,,,,,,,,,1610612738,1610612751
0022400187,1610612738,BOS,Boston,1628369,Jayson Tatum,Jayson,F,,42.000000:21,11.0,25.0,0.44,5.0,13.0,0.385,6.0,7.0,0.857,0.0,9.0,9.0,6.0,2.0,1.0,3.0,3.0,33.0,10.0,1610612738,1610612751
0022400187,1610612738,BOS,Boston,1630214,Xavier Tillman,Xavier,F,,5.000000:52,0.0,3.0,0.0,0.0,3.0,0.0,0.0,0.0,0.0,0.0,0.0,0.0,0.0,0.0,0.0,0.0,0.0,0.0,-14.0,1610612738,1610612751
0022400187,1610612738,BOS,Boston,201143,Al Horford,Al,C,,31.000000:24,5.0,12.0,0.417,3.0,9.0,0.333,0.0,0.0,0.0,1.0,9.0,10.0,0.0,1.0,1.0,1.0,2.0,13.0,-2.0,1610612738,1610612751
0022400187,1610612738,BOS,Boston,1628401,Derrick White,Derrick,G,,42.000000:31,5.0,11.0,0.455,1.0,6.0,0.167,3.0,4.0,0.75,1.0,2.0,3.0,6.0,0.0,3.0,3.0,3.0,14.0,-3.0,1610612738,1610612751
0022400187,1610612738,BOS,Boston,201950,Jrue Holiday,Jrue,G,,36.000000:56,8.0,14.0,0.571,0.0,4.0,0.0,1.0,1.0,1.0,0.0,2.0,2.0,5.0,0.0,0.0,3.0,0.0,17.0,3.0,1610612738,1610612751
0022400187,1610612738,BOS,Boston,1630202,Payton Pritchard,Payton,,,33.000000:38,6.0,11.0,0.545,3.0,7.0,0.429,5.0,5.0,1.0,0.0,1.0,1.0,0.0,1.0,0.0,1.0,2.0,20.0,11.0,1610612738,1610612751
0022400187,1610612738,BOS,Boston,1630573,Sam Hauser,Sam,,,35.000000:13,3.0,11.0,0.273,2.0,10.0,0.2,0.0,0.0,0.0,1.0,3.0,4.0,3.0,3.0,0.0,0.0,1.0,8.0,15.0,1610612738,1610612751
0022400187,1610612738,BOS,Boston,1629674,Neemias Queta,Neemias,,,26.000000:33,1.0,2.0,0.5,0.0,0.0,0.0,1.0,2.0,0.5,1.0,9.0,10.0,2.0,0.0,3.0,2.0,2.0,3.0,7.0,1610612738,1610612751
0022400187,1610612738,BOS,Boston,1641775,Jordan Walsh,Jordan,,,10.000000:32,0.0,1.0,0.0,0.0,1.0,0.0,0.0,0.0,0.0,0.0,0.0,0.0,1.0,0.0,1.0,0.0,2.0,0.0,-7.0,1610612738,1610612751
0022400187,1610612738,BOS,Boston,1627759,Jaylen Brown,Jaylen,,DND - Injury/Illness,,,,,,,,,,,,,,,,,,,,,1610612738,1610612751
0022400187,1610612738,BOS,Boston,1628436,Luke Kornet,Luke,,DND - Injury/Illness,,,,,,,,,,,,,,,,,,,,,1610612738,1610612751
0022400187,1610612738,BOS,Boston,1641809,Drew Peterson,Drew,,DNP - Coach's Decision,,,,,,,,,,,,,,,,,,,,,1610612738,1610612751
0022400187,1610612738,BOS,Boston,1630531,Jaden Springer,Jaden,,DNP - Coach's Decision,,,,,,,,,,,,,,,,,,,,,1610612738,1610612751
0022400188,1610612744,GSW,Golden State,203952,Andrew Wiggins,Andrew,F,,20.000000:49,4.0,9.0,0.444,1.0,3.0,0.333,2.0,2.0,1.0,1.0,0.0,1.0,2.0,1.0,0.0,1.0,0.0,11.0,-23.0,1610612739,1610612744
0022400188,1610612744,GSW,Golden State,203110,Draymond Green,Draymond,F,,20.000000:32,2.0,7.0,0.286,2.0,5.0,0.4,0.0,0.0,0.0,0.0,2.0,2.0,6.0,3.0,0.0,2.0,4.0,6.0,-23.0,1610612739,1610612744
0022400188,1610612744,GSW,Golden State,1631218,Trayce Jackson-Davis,Trayce,C,,16.000000:11,1.0,3.0,0.333,0.0,0.0,0.0,1.0,1.0,1.0,2.0,3.0,5.0,4.0,0.0,1.0,1.0,3.0,3.0,-5.0,1610612739,1610612744
0022400188,1610612744,GSW,Golden State,1627780,Gary Payton II,Gary,G,,9.000000:48,4.0,4.0,1.0,0.0,0.0,0.0,0.0,1.0,0.0,1.0,1.0,2.0,1.0,0.0,1.0,0.0,2.0,8.0,-9.0,1610612739,1610612744
0022400188,1610612744,GSW,Golden State,201939,Stephen Curry,Stephen,G,,23.000000:46,5.0,10.0,0.5,1.0,4.0,0.25,1.0,1.0,1.0,0.0,1.0,1.0,2.0,2.0,0.0,6.0,0.0,12.0,-25.0,1610612739,1610612744
0022400188,1610612744,GSW,Golden State,1627741,Buddy Hield,Buddy,,,19.000000:21,1.0,4.0,0.25,1.0,4.0,0.25,0.0,0.0,0.0,0.0,2.0,2.0,1.0,0.0,0.0,1.0,2.0,3.0,-3.0,1610612739,1610612744
0022400188,1610612744,GSW,Golden State,1630228,Jonathan Kuminga,Jonathan,,,29.000000:05,7.0,14.0,0.5,3.0,7.0,0.429,4.0,6.0,0.667,1.0,4.0,5.0,5.0,2.0,1.0,3.0,2.0,21.0,-4.0,1610612739,1610612744
0022400188,1610612744,GSW,Golden State,1641764,Brandin Podziemski,Brandin,,,26.000000:30,6.0,12.0,0.5,1.0,6.0,0.167,1.0,2.0,0.5,2.0,5.0,7.0,4.0,4.0,0.0,1.0,1.0,14.0,7.0,1610612739,1610612744
0022400188,1610612744,GSW,Golden State,1626172,Kevon Looney,Kevon,,,15.000000:40,4.0,6.0,0.667,0.0,0.0,0.0,1.0,1.0,1.0,1.0,6.0,7.0,1.0,2.0,0.0,0.0,2.0,9.0,2.0,1610612739,1610612744
0022400188,1610612744,GSW,Golden State,1629001,De'Anthony Melton,De'Anthony,,,17.000000:48,4.0,11.0,0.364,2.0,6.0,0.333,0.0,0.0,0.0,2.0,0.0,2.0,3.0,0.0,0.0,1.0,4.0,10.0,6.0,1610612739,1610612744
0022400188,1610612744,GSW,Golden State,203937,Kyle Anderson,Kyle,,,14.000000:06,2.0,5.0,0.4,0.0,2.0,0.0,0.0,0.0,0.0,0.0,3.0,3.0,2.0,0.0,1.0,0.0,2.0,4.0,-14.0,1610612739,1610612744
0022400188,1610612744,GSW,Golden State,1630541,Moses Moody,Moses,,,16.000000:56,5.0,10.0,0.5,1.0,3.0,0.333,0.0,0.0,0.0,0.0,2.0,2.0,1.0,0.0,0.0,1.0,1.0,11.0,-6.0,1610612739,1610612744
0022400188,1610612744,GSW,Golden State,1630611,Gui Santos,Gui,,,4.000000:44,1.0,1.0,1.0,1.0,1.0,1.0,0.0,0.0,0.0,1.0,0.0,1.0,0.0,0.0,0.0,0.0,0.0,3.0,1.0,1610612739,1610612744
0022400188,1610612744,GSW,Golden State,1630322,Lindy Waters III,Lindy,,,4.000000:44,1.0,2.0,0.5,0.0,1.0,0.0,0.0,0.0,0.0,0.0,0.0,0.0,0.0,0.0,0.0,0.0,1.0,2.0,1.0,1610612739,1610612744
0022400188,1610612739,CLE,Cleveland,1630171,Isaac Okoro,Isaac,F,,26.000000:30,6.0,10.0,0.6,4.0,6.0,0.667,0.0,0.0,0.0,1.0,0.0,1.0,4.0,0.0,1.0,0.0,2.0,16.0,32.0,1610612739,1610612744
0022400188,1610612739,CLE,Cleveland,1630596,Evan Mobley,Evan,F,,26.000000:26,7.0,12.0,0.583,0.0,3.0,0.0,9.0,10.0,0.9,0.0,4.0,4.0,4.0,1.0,2.0,2.0,0.0,23.0,7.0,1610612739,1610612744
0022400188,1610612739,CLE,Cleveland,1628386,Jarrett Allen,Jarrett,C,,30.000000:17,5.0,7.0,0.714,0.0,0.0,0.0,3.0,5.0,0.6,4.0,8.0,12.0,3.0,0.0,1.0,3.0,1.0,13.0,30.0,1610612739,1610612744
0022400188,1610612739,CLE,Cleveland,1628378,Donovan Mitchell,Donovan,G,,26.000000:26,4.0,13.0,0.308,2.0,7.0,0.286,2.0,2.0,1.0,0.0,5.0,5.0,4.0,0.0,0.0,4.0,4.0,12.0,7.0,1610612739,1610612744
0022400188,1610612739,CLE,Cleveland,1629636,Darius Garland,Darius,G,,30.000000:17,9.0,17.0,0.529,6.0,11.0,0.545,3.0,4.0,0.75,0.0,3.0,3.0,6.0,3.0,0.0,4.0,0.0,27.0,30.0,1610612739,1610612744
0022400188,1610612739,CLE,Cleveland,1630241,Sam Merrill,Sam,,,14.000000:36,1.0,4.0,0.25,1.0,4.0,0.25,2.0,2.0,1.0,0.0,2.0,2.0,1.0,0.0,0.0,0.0,0.0,5.0,-3.0,1610612739,1610612744
0022400188,1610612739,CLE,Cleveland,1627747,Caris LeVert,Caris,,,21.000000:13,2.0,5.0,0.4,2.0,3.0,0.667,2.0,2.0,1.0,2.0,5.0,7.0,4.0,3.0,1.0,1.0,0.0,8.0,16.0,1610612739,1610612744
0022400188,1610612739,CLE,Cleveland,1627777,Georges Niang,Georges,,,14.000000:22,3.0,4.0,0.75,1.0,2.0,0.5,0.0,0.0,0.0,0.0,2.0,2.0,1.0,0.0,0.0,1.0,2.0,7.0,-12.0,1610612739,1610612744
0022400188,1610612739,CLE,Cleveland,1629731,Dean Wade,Dean,,,18.000000:20,1.0,1.0,1.0,1.0,1.0,1.0,0.0,0.0,0.0,1.0,5.0,6.0,2.0,0.0,2.0,0.0,1.0,3.0,2.0,1610612739,1610612744
0022400188,1610612739,CLE,Cleveland,1629660,Ty Jerome,Ty,,,21.000000:15,7.0,8.0,0.875,3.0,3.0,1.0,3.0,3.0,1.0,1.0,0.0,1.0,3.0,0.0,0.0,3.0,2.0,20.0,13.0,1610612739,1610612744
0022400188,1610612739,CLE,Cleveland,1641854,Craig Porter Jr.,Craig,,,3.000000:26,1.0,1.0,1.0,0.0,0.0,0.0,0.0,0.0,0.0,0.0,0.0,0.0,1.0,0.0,0.0,0.0,0.0,2.0,-9.0,1610612739,1610612744
0022400188,1610612739,CLE,Cleveland,202684,Tristan Thompson,Tristan,,,3.000000:26,0.0,1.0,0.0,0.0,0.0,0.0,0.0,0.0,0.0,0.0,0.0,0.0,0.0,0.0,0.0,0.0,0.0,0.0,-9.0,1610612739,1610612744
0022400188,1610612739,CLE,Cleveland,1642281,Jaylon Tyson,Jaylon,,,3.000000:26,0.0,2.0,0.0,0.0,2.0,0.0,0.0,0.0,0.0,0.0,0.0,0.0,0.0,0.0,0.0,1.0,0.0,0.0,-9.0,1610612739,1610612744
0022400189,1610612749,MIL,Milwaukee,203507,Giannis Antetokounmpo,Giannis,F,,32.000000:12,11.0,21.0,0.524,0.0,1.0,0.0,2.0,6.0,0.333,3.0,9.0,12.0,2.0,0.0,2.0,1.0,2.0,24.0,-17.0,1610612752,1610612749
0022400189,1610612749,MIL,Milwaukee,1627752,Taurean Prince,Taurean,F,,27.000000:37,1.0,4.0,0.25,1.0,3.0,0.333,0.0,0.0,0.0,0.0,5.0,5.0,2.0,0.0,0.0,2.0,2.0,3.0,-28.0,1610612752,1610612749
0022400189,1610612749,MIL,Milwaukee,201572,Brook Lopez,Brook,C,,24.000000:28,3.0,5.0,0.6,0.0,1.0,0.0,1.0,2.0,0.5,2.0,1.0,3.0,1.0,0.0,0.0,2.0,1.0,7.0,-16.0,1610612752,1610612749
0022400189,1610612749,MIL,Milwaukee,1641748,Andre Jackson Jr.,Andre,G,,17.000000:32,1.0,3.0,0.333,1.0,3.0,0.333,0.0,0.0,0.0,0.0,0.0,0.0,1.0,0.0,1.0,1.0,1.0,3.0,-22.0,1610612752,1610612749
0022400189,1610612749,MIL,Milwaukee,203081,Damian Lillard,Damian,G,,34.000000:26,6.0,15.0,0.4,0.0,4.0,0.0,7.0,7.0,1.0,1.0,5.0,6.0,6.0,0.0,0.0,1.0,0.0,19.0,-28.0,1610612752,1610612749
0022400189,1610612749,MIL,Milwaukee,1626171,Bobby Portis,Bobby,,,16.000000:54,1.0,8.0,0.125,0.0,3.0,0.0,2.0,2.0,1.0,2.0,3.0,5.0,1.0,0.0,0.0,1.0,2.0,4.0,-14.0,1610612752,1610612749
0022400189,1610612749,MIL,Milwaukee,1631260,AJ Green,AJ,,,24.000000:58,3.0,6.0,0.5,3.0,6.0,0.5,0.0,0.0,0.0,0.0,0.0,0.0,0.0,0.0,0.0,0.0,4.0,9.0,-4.0,1610612752,1610612749
0022400189,1610612749,MIL,Milwaukee,1626192,Pat Connaughton,Pat,,,16.000000:09,1.0,4.0,0.25,0.0,2.0,0.0,0.0,0.0,0.0,0.0,0.0,0.0,2.0,0.0,0.0,0.0,0.0,2.0,-13.0,1610612752,1610612749
0022400189,1610612749,MIL,Milwaukee,1631157,Ryan Rollins,Ryan,,,12.000000:12,3.0,5.0,0.6,1.0,2.0,0.5,0.0,0.0,0.0,0.0,1.0,1.0,3.0,1.0,0.0,3.0,2.0,7.0,8.0,1610612752,1610612749
0022400189,1610612749,MIL,Milwaukee,1630699,MarJon Beauchamp,MarJon,,,8.000000:23,1.0,3.0,0.333,0.0,0.0,0.0,2.0,2.0,1.0,1.0,1.0,2.0,1.0,0.0,0.0,0.0,0.0,4.0,6.0,1610612752,1610612749
0022400189,1610612749,MIL,Milwaukee,1641890,Tyler Smith,Tyler,,,8.000000:23,4.0,5.0,0.8,1.0,2.0,0.5,1.0,2.0,0.5,0.0,2.0,2.0,0.0,0.0,2.0,1.0,1.0,10.0,6.0,1610612752,1610612749
0022400189,1610612749,MIL,Milwaukee,1641857,Liam Robbins,Liam,,,8.000000:23,1.0,2.0,0.5,0.0,1.0,0.0,0.0,0.0,0.0,2.0,1.0,3.0,0.0,0.0,0.0,0.0,1.0,2.0,6.0,1610612752,1610612749
0022400189,1610612749,MIL,Milwaukee,1630649,Stanley Umude,Stanley,,,8.000000:23,0.0,2.0,0.0,0.0,2.0,0.0,0.0,2.0,0.0,0.0,2.0,2.0,1.0,0.0,0.0,0.0,0.0,0.0,6.0,1610612752,1610612749
0022400189,1610612749,MIL,Milwaukee,1626153,Delon Wright,Delon,,DNP - Coach's Decision,,,,,,,,,,,,,,,,,,,,,1610612752,1610612749
0022400189,1610612752,NYK,New York,1628384,OG Anunoby,OG,F,,32.000000:07,4.0,12.0,0.333,1.0,8.0,0.125,5.0,6.0,0.833,0.0,6.0,6.0,5.0,3.0,2.0,2.0,4.0,14.0,19.0,1610612752,1610612749
0022400189,1610612752,NYK,New York,1628404,Josh Hart,Josh,F,,33.000000:06,4.0,5.0,0.8,1.0,1.0,1.0,2.0,2.0,1.0,2.0,7.0,9.0,7.0,0.0,0.0,0.0,3.0,11.0,19.0,1610612752,1610612749
0022400189,1610612752,NYK,New York,1626157,Karl-Anthony Towns,Karl-Anthony,C,,32.000000:03,12.0,20.0,0.6,4.0,8.0,0.5,4.0,5.0,0.8,3.0,8.0,11.0,5.0,0.0,0.0,2.0,4.0,32.0,24.0,1610612752,1610612749
0022400189,1610612752,NYK,New York,1628969,Mikal Bridges,Mikal,G,,36.000000:32,7.0,18.0,0.389,3.0,11.0,0.273,0.0,0.0,0.0,1.0,2.0,3.0,3.0,1.0,1.0,1.0,1.0,17.0,21.0,1610612752,1610612749
0022400189,1610612752,NYK,New York,1628973,Jalen Brunson,Jalen,G,,31.000000:46,6.0,14.0,0.429,0.0,5.0,0.0,3.0,4.0,0.75,1.0,1.0,2.0,9.0,1.0,0.0,0.0,2.0,15.0,28.0,1610612752,1610612749
0022400189,1610612752,NYK,New York,1630579,Jericho Sims,Jericho,,,15.000000:57,1.0,2.0,0.5,0.0,0.0,0.0,0.0,0.0,0.0,4.0,1.0,5.0,1.0,1.0,0.0,1.0,2.0,2.0,-2.0,1610612752,1610612749
0022400189,1610612752,NYK,New York,1630540,Miles McBride,Miles,,,28.000000:01,5.0,11.0,0.455,2.0,6.0,0.333,2.0,2.0,1.0,1.0,4.0,5.0,2.0,0.0,0.0,0.0,0.0,14.0,21.0,1610612752,1610612749
0022400189,1610612752,NYK,New York,1642278,Tyler Kolek,Tyler,,,16.000000:15,3.0,5.0,0.6,2.0,4.0,0.5,0.0,0.0,0.0,2.0,2.0,4.0,2.0,1.0,0.0,1.0,2.0,8.0,-6.0,1610612752,1610612749
0022400189,1610612752,NYK,New York,1630346,Matt Ryan,Matt,,,6.000000:08,1.0,2.0,0.5,1.0,2.0,0.5,0.0,0.0,0.0,0.0,0.0,0.0,0.0,0.0,0.0,0.0,0.0,3.0,-5.0,1610612752,1610612749
0022400189,1610612752,NYK,New York,1642359,Pacôme Dadiet,Pacôme,,,4.000000:52,0.0,1.0,0.0,0.0,1.0,0.0,0.0,0.0,0.0,0.0,1.0,1.0,1.0,0.0,0.0,0.0,0.0,0.0,-3.0,1610612752,1610612749
0022400189,1610612752,NYK,New York,1630574,Ariel Hukporti,Ariel,,,3.000000:14,0.0,1.0,0.0,0.0,0.0,0.0,0.0,0.0,0.0,0.0,2.0,2.0,0.0,0.0,0.0,0.0,2.0,0.0,-6.0,1610612752,1610612749
0022400189,1610612752,NYK,New York,1631210,Jacob Toppin,Jacob,,DNP - Coach's Decision,,,,,,,,,,,,,,,,,,,,,1610612752,1610612749
0022400190,1610612756,PHX,Phoenix,203078,Bradley Beal,Bradley,F,,36.000000:26,6.0,17.0,0.353,1.0,7.0,0.143,2.0,2.0,1.0,2.0,2.0,4.0,3.0,0.0,0.0,1.0,3.0,15.0,-14.0,1610612742,1610612756
0022400190,1610612756,PHX,Phoenix,201142,Kevin Durant,Kevin,F,,36.000000:58,8.0,14.0,0.571,3.0,6.0,0.5,7.0,7.0,1.0,1.0,4.0,5.0,4.0,1.0,2.0,1.0,2.0,26.0,11.0,1610612742,1610612756
0022400190,1610612756,PHX,Phoenix,203994,Jusuf Nurkić,Jusuf,C,,33.000000:40,6.0,12.0,0.5,2.0,4.0,0.5,1.0,2.0,0.5,3.0,7.0,10.0,0.0,2.0,0.0,1.0,4.0,15.0,-3.0,1610612742,1610612756
0022400190,1610612756,PHX,Phoenix,1626164,Devin Booker,Devin,G,,34.000000:32,5.0,13.0,0.385,1.0,8.0,0.125,2.0,2.0,1.0,2.0,4.0,6.0,12.0,0.0,0.0,0.0,2.0,13.0,-17.0,1610612742,1610612756
0022400190,1610612756,PHX,Phoenix,1626145,Tyus Jones,Tyus,G,,31.000000:07,7.0,13.0,0.538,3.0,5.0,0.6,0.0,0.0,0.0,0.0,2.0,2.0,5.0,1.0,0.0,3.0,3.0,17.0,5.0,1610612742,1610612756
0022400190,1610612756,PHX,Phoenix,1626220,Royce O'Neale,Royce,,,29.000000:07,7.0,8.0,0.875,4.0,4.0,1.0,0.0,1.0,0.0,1.0,4.0,5.0,2.0,0.0,0.0,0.0,2.0,18.0,14.0,1610612742,1610612756
0022400190,1610612756,PHX,Phoenix,203486,Mason Plumlee,Mason,,,14.000000:19,2.0,2.0,1.0,0.0,0.0,0.0,0.0,2.0,0.0,0.0,2.0,2.0,0.0,0.0,0.0,0.0,2.0,4.0,4.0,1610612742,1610612756
0022400190,1610612756,PHX,Phoenix,1628960,Grayson Allen,Grayson,,,18.000000:35,0.0,4.0,0.0,0.0,3.0,0.0,0.0,0.0,0.0,2.0,1.0,3.0,0.0,2.0,0.0,1.0,0.0,0.0,6.0,1610612742,1610612756
0022400190,1610612756,PHX,Phoenix,1629006,Josh Okogie,Josh,,,5.000000:16,2.0,3.0,0.667,1.0,2.0,0.5,1.0,2.0,0.5,0.0,0.0,0.0,0.0,0.0,0.0,1.0,0.0,6.0,-1.0,1610612742,1610612756
0022400190,1610612756,PHX,Phoenix,1629626,Bol Bol,Bol,,DNP - Coach's Decision,,,,,,,,,,,,,,,,,,,,,1610612742,1610612756
0022400190,1610612756,PHX,Phoenix,1642345,Oso Ighodaro,Oso,,DNP - Coach's Decision,,,,,,,,,,,,,,,,,,,,,1610612742,1610612756
0022400190,1610612756,PHX,Phoenix,1627814,Damion Lee,Damion,,DNP - Coach's Decision,,,,,,,,,,,,,,,,,,,,,1610612742,1610612756
0022400190,1610612756,PHX,Phoenix,1628420,Monté Morris,Monté,,DNP - Coach's Decision,,,,,,,,,,,,,,,,,,,,,1610612742,1610612756
0022400190,1610612742,DAL,Dallas,202691,Klay Thompson,Klay,F,,33.000000:46,4.0,13.0,0.308,1.0,7.0,0.143,3.0,3.0,1.0,0.0,4.0,4.0,2.0,0.0,0.0,1.0,3.0,12.0,5.0,1610612742,1610612756
0022400190,1610612742,DAL,Dallas,1630230,Naji Marshall,Naji,F,,29.000000:20,7.0,12.0,0.583,2.0,6.0,0.333,2.0,2.0,1.0,2.0,3.0,5.0,0.0,0.0,0.0,3.0,2.0,18.0,-7.0,1610612742,1610612756
0022400190,1610612742,DAL,Dallas,1629655,Daniel Gafford,Daniel,C,,23.000000:08,6.0,7.0,0.857,0.0,0.0,0.0,3.0,3.0,1.0,3.0,4.0,7.0,0.0,0.0,0.0,1.0,6.0,15.0,0.0,1610612742,1610612756
0022400190,1610612742,DAL,Dallas,202681,Kyrie Irving,Kyrie,G,,40.000000:46,10.0,17.0,0.588,2.0,6.0,0.333,7.0,9.0,0.778,2.0,5.0,7.0,6.0,3.0,0.0,2.0,1.0,29.0,9.0,1610612742,1610612756
0022400190,1610612742,DAL,Dallas,1629029,Luka Dončić,Luka,G,,42.000000:11,11.0,25.0,0.44,5.0,12.0,0.417,3.0,3.0,1.0,0.0,7.0,7.0,7.0,1.0,0.0,3.0,3.0,30.0,-4.0,1610612742,1610612756
0022400190,1610612742,DAL,Dallas,203915,Spencer Dinwiddie,Spencer,,,28.000000:21,1.0,2.0,0.5,1.0,1.0,1.0,0.0,0.0,0.0,0.0,0.0,0.0,2.0,1.0,0.0,0.0,1.0,3.0,-2.0,1610612742,1610612756
0022400190,1610612742,DAL,Dallas,1641765,Olivier-Maxence Prosper,Olivier-Maxence,,,3.000000:16,0.0,1.0,0.0,0.0,0.0,0.0,0.0,0.0,0.0,0.0,1.0,1.0,0.0,0.0,0.0,0.0,0.0,0.0,1.0,1610612742,1610612756
0022400190,1610612742,DAL,Dallas,203939,Dwight Powell,Dwight,,,24.000000:52,1.0,1.0,1.0,0.0,0.0,0.0,2.0,2.0,1.0,1.0,5.0,6.0,1.0,0.0,1.0,0.0,5.0,4.0,-1.0,1610612742,1610612756
0022400190,1610612742,DAL,Dallas,1629656,Quentin Grimes,Quentin,,,9.000000:21,1.0,1.0,1.0,0.0,0.0,0.0,0.0,0.0,0.0,0.0,2.0,2.0,0.0,0.0,0.0,0.0,1.0,2.0,-1.0,1610612742,1610612756
0022400190,1610612742,DAL,Dallas,1630702,Jaden Hardy,Jaden,,,3.000000:29,0.0,0.0,0.0,0.0,0.0,0.0,0.0,0.0,0.0,0.0,0.0,0.0,0.0,0.0,0.0,0.0,0.0,0.0,-1.0,1610612742,1610612756
0022400190,1610612742,DAL,Dallas,1630556,Kessler Edwards,Kessler,,,1.000000:30,0.0,1.0,0.0,0.0,1.0,0.0,0.0,0.0,0.0,0.0,0.0,0.0,0.0,0.0,0.0,1.0,0.0,0.0,-4.0,1610612742,1610612756
0022400190,1610612742,DAL,Dallas,1641789,Jazian Gortman,Jazian,,DNP - Coach's Decision,,,,,,,,,,,,,,,,,,,,,1610612742,1610612756
0022400190,1610612742,DAL,Dallas,202693,Markieff Morris,Markieff,,DNP - Coach's Decision,,,,,,,,,,,,,,,,,,,,,1610612742,1610612756
0022400190,1610612742,DAL,Dallas,1630314,Brandon Williams,Brandon,,DNP - Coach's Decision,,,,,,,,,,,,,,,,,,,,,1610612742,1610612756
0022400191,1610612764,WAS,Washington,1641731,Bilal Coulibaly,Bilal,F,,31.000000:20,4.0,9.0,0.444,0.0,3.0,0.0,2.0,2.0,1.0,1.0,2.0,3.0,3.0,2.0,2.0,4.0,4.0,10.0,-14.0,1610612763,1610612764
0022400191,1610612764,WAS,Washington,1642259,Alexandre Sarr,Alexandre,F,,24.000000:31,3.0,11.0,0.273,0.0,5.0,0.0,2.0,2.0,1.0,2.0,3.0,5.0,5.0,1.0,1.0,4.0,4.0,8.0,-7.0,1610612763,1610612764
0022400191,1610612764,WAS,Washington,202685,Jonas Valančiūnas,Jonas,C,,23.000000:26,7.0,11.0,0.636,0.0,1.0,0.0,2.0,2.0,1.0,3.0,2.0,5.0,0.0,2.0,3.0,0.0,2.0,16.0,-20.0,1610612763,1610612764
0022400191,1610612764,WAS,Washington,1629673,Jordan Poole,Jordan,G,,22.000000:33,3.0,10.0,0.3,2.0,4.0,0.5,2.0,2.0,1.0,1.0,1.0,2.0,1.0,0.0,0.0,4.0,3.0,10.0,-20.0,1610612763,1610612764
0022400191,1610612764,WAS,Washington,1642267,Carlton Carrington,Carlton,G,,33.000000:26,4.0,11.0,0.364,1.0,5.0,0.2,1.0,2.0,0.5,1.0,9.0,10.0,8.0,4.0,0.0,4.0,3.0,10.0,-16.0,1610612763,1610612764
0022400191,1610612764,WAS,Washington,1642273,Kyshawn George,Kyshawn,,,34.000000:20,6.0,12.0,0.5,3.0,8.0,0.375,2.0,2.0,1.0,0.0,6.0,6.0,3.0,1.0,2.0,1.0,3.0,17.0,-15.0,1610612763,1610612764
0022400191,1610612764,WAS,Washington,1630557,Corey Kispert,Corey,,,28.000000:35,3.0,7.0,0.429,1.0,3.0,0.333,7.0,9.0,0.778,0.0,2.0,2.0,1.0,1.0,0.0,1.0,3.0,14.0,-15.0,1610612763,1610612764
0022400191,1610612764,WAS,Washington,1631098,Johnny Davis,Johnny,,,14.000000:10,1.0,5.0,0.2,1.0,1.0,1.0,0.0,0.0,0.0,1.0,1.0,2.0,0.0,0.0,0.0,0.0,2.0,3.0,-12.0,1610612763,1610612764
0022400191,1610612764,WAS,Washington,1630215,Jared Butler,Jared,,,14.000000:03,2.0,9.0,0.222,0.0,2.0,0.0,1.0,2.0,0.5,1.0,2.0,3.0,6.0,2.0,0.0,0.0,2.0,5.0,-1.0,1610612763,1610612764
0022400191,1610612764,WAS,Washington,1630264,Anthony Gill,Anthony,,,4.000000:32,2.0,2.0,1.0,1.0,1.0,1.0,0.0,0.0,0.0,0.0,1.0,1.0,0.0,1.0,0.0,0.0,0.0,5.0,0.0,1610612763,1610612764
0022400191,1610612764,WAS,Washington,1631116,Patrick Baldwin Jr.,Patrick,,,4.000000:32,0.0,1.0,0.0,0.0,1.0,0.0,0.0,0.0,0.0,0.0,0.0,0.0,0.0,0.0,0.0,0.0,0.0,0.0,0.0,1610612763,1610612764
0022400191,1610612764,WAS,Washington,1626158,Richaun Holmes,Richaun,,,4.000000:32,3.0,5.0,0.6,0.0,1.0,0.0,0.0,0.0,0.0,1.0,1.0,2.0,0.0,0.0,0.0,0.0,1.0,6.0,0.0,1610612763,1610612764
0022400191,1610612764,WAS,Washington,1628963,Marvin Bagley III,Marvin,,DNP - Coach's Decision,,,,,,,,,,,,,,,,,,,,,1610612763,1610612764
0022400191,1610612763,MEM,Memphis,1630583,Santi Aldama,Santi,F,,32.000000:28,5.0,13.0,0.385,0.0,5.0,0.0,2.0,2.0,1.0,1.0,4.0,5.0,4.0,1.0,0.0,1.0,1.0,12.0,24.0,1610612763,1610612764
0022400191,1610612763,MEM,Memphis,1628991,Jaren Jackson Jr.,Jaren,F,,28.000000:20,14.0,28.0,0.5,5.0,12.0,0.417,6.0,7.0,0.857,2.0,4.0,6.0,1.0,1.0,1.0,3.0,4.0,39.0,19.0,1610612763,1610612764
0022400191,1610612763,MEM,Memphis,1629634,Brandon Clarke,Brandon,C,,18.000000:14,3.0,5.0,0.6,0.0,1.0,0.0,0.0,0.0,0.0,0.0,4.0,4.0,0.0,2.0,0.0,0.0,1.0,6.0,16.0,1610612763,1610612764
0022400191,1610612763,MEM,Memphis,1642377,Jaylen Wells,Jaylen,G,,24.000000:51,4.0,10.0,0.4,1.0,4.0,0.25,2.0,3.0,0.667,0.0,0.0,0.0,1.0,1.0,1.0,2.0,3.0,11.0,24.0,1610612763,1610612764
0022400191,1610612763,MEM,Memphis,1630590,Scotty Pippen Jr.,Scotty,G,,27.000000:36,4.0,8.0,0.5,0.0,2.0,0.0,3.0,4.0,0.75,1.0,9.0,10.0,11.0,1.0,0.0,2.0,3.0,11.0,21.0,1610612763,1610612764
0022400191,1610612763,MEM,Memphis,1641744,Zach Edey,Zach,,,21.000000:43,5.0,8.0,0.625,1.0,2.0,0.5,3.0,3.0,1.0,2.0,6.0,8.0,2.0,1.0,2.0,3.0,3.0,14.0,5.0,1610612763,1610612764
0022400191,1610612763,MEM,Memphis,1628379,Luke Kennard,Luke,,,18.000000:36,4.0,7.0,0.571,3.0,5.0,0.6,0.0,0.0,0.0,1.0,2.0,3.0,3.0,0.0,0.0,3.0,1.0,11.0,0.0,1610612763,1610612764
0022400191,1610612763,MEM,Memphis,1631222,Jake LaRavia,Jake,,,26.000000:52,3.0,7.0,0.429,2.0,4.0,0.5,1.0,1.0,1.0,3.0,2.0,5.0,5.0,1.0,0.0,2.0,2.0,9.0,6.0,1610612763,1610612764
0022400191,1610612763,MEM,Memphis,1630643,Jay Huff,Jay,,,14.000000:13,3.0,6.0,0.5,1.0,4.0,0.25,5.0,5.0,1.0,1.0,3.0,4.0,0.0,1.0,4.0,0.0,0.0,12.0,0.0,1610612763,1610612764
0022400191,1610612763,MEM,Memphis,1629723,John Konchar,John,,,20.000000:18,0.0,2.0,0.0,0.0,2.0,0.0,0.0,0.0,0.0,2.0,0.0,2.0,2.0,1.0,2.0,0.0,0.0,0.0,4.0,1610612763,1610612764
0022400191,1610612763,MEM,Memphis,1642530,Yuki Kawamura,Yuki,,,4.000000:39,1.0,3.0,0.333,1.0,2.0,0.5,0.0,0.0,0.0,0.0,2.0,2.0,1.0,0.0,0.0,1.0,1.0,3.0,-1.0,1610612763,1610612764
0022400191,1610612763,MEM,Memphis,1630658,Colin Castleton,Colin,,,2.000000:10,0.0,0.0,0.0,0.0,0.0,0.0,0.0,0.0,0.0,0.0,1.0,1.0,0.0,0.0,0.0,0.0,0.0,0.0,2.0,1610612763,1610612764
0022400192,1610612745,HOU,Houston,1628415,Dillon Brooks,Dillon,F,,26.000000:39,6.0,12.0,0.5,3.0,4.0,0.75,2.0,2.0,1.0,2.0,2.0,4.0,1.0,0.0,0.0,1.0,3.0,17.0,-11.0,1610612760,1610612745
0022400192,1610612745,HOU,Houston,1631095,Jabari Smith Jr.,Jabari,F,,16.000000:42,2.0,7.0,0.286,0.0,1.0,0.0,0.0,1.0,0.0,1.0,0.0,1.0,0.0,0.0,1.0,0.0,0.0,4.0,-12.0,1610612760,1610612745
0022400192,1610612745,HOU,Houston,1630578,Alperen Sengun,Alperen,C,,27.000000:11,3.0,12.0,0.25,0.0,1.0,0.0,5.0,6.0,0.833,4.0,5.0,9.0,6.0,1.0,0.0,2.0,5.0,11.0,-11.0,1610612760,1610612745
0022400192,1610612745,HOU,Houston,1630224,Jalen Green,Jalen,G,,27.000000:42,5.0,14.0,0.357,2.0,8.0,0.25,2.0,2.0,1.0,0.0,4.0,4.0,2.0,0.0,0.0,1.0,1.0,14.0,-16.0,1610612760,1610612745
0022400192,1610612745,HOU,Houston,1627832,Fred VanVleet,Fred,G,,30.000000:26,4.0,9.0,0.444,2.0,4.0,0.5,1.0,2.0,0.5,1.0,2.0,3.0,2.0,1.0,0.0,1.0,1.0,11.0,-15.0,1610612760,1610612745
0022400192,1610612745,HOU,Houston,1641708,Amen Thompson,Amen,,,24.000000:07,5.0,12.0,0.417,0.0,2.0,0.0,4.0,4.0,1.0,2.0,5.0,7.0,1.0,0.0,1.0,1.0,2.0,14.0,-19.0,1610612760,1610612745
0022400192,1610612745,HOU,Houston,1631106,Tari Eason,Tari,,,25.000000:15,5.0,11.0,0.455,2.0,5.0,0.4,0.0,0.0,0.0,1.0,5.0,6.0,0.0,3.0,1.0,3.0,1.0,12.0,-11.0,1610612760,1610612745
0022400192,1610612745,HOU,Houston,203500,Steven Adams,Steven,,,15.000000:31,2.0,2.0,1.0,0.0,0.0,0.0,1.0,3.0,0.333,1.0,1.0,2.0,1.0,1.0,0.0,3.0,1.0,5.0,-11.0,1610612760,1610612745
0022400192,1610612745,HOU,Houston,1642263,Reed Sheppard,Reed,,,18.000000:33,2.0,2.0,1.0,0.0,0.0,0.0,0.0,0.0,0.0,0.0,2.0,2.0,4.0,0.0,0.0,1.0,1.0,4.0,-7.0,1610612760,1610612745
0022400192,1610612745,HOU,Houston,1628988,Aaron Holiday,Aaron,,,5.000000:57,1.0,2.0,0.5,0.0,0.0,0.0,1.0,1.0,1.0,0.0,1.0,1.0,2.0,0.0,0.0,0.0,0.0,3.0,-1.0,1610612760,1610612745
0022400192,1610612745,HOU,Houston,1629111,Jock Landale,Jock,,,6.000000:03,0.0,1.0,0.0,0.0,1.0,0.0,0.0,2.0,0.0,0.0,2.0,2.0,0.0,0.0,0.0,0.0,1.0,0.0,4.0,1610612760,1610612745
0022400192,1610612745,HOU,Houston,1630256,Jae'Sean Tate,Jae'Sean,,,6.000000:03,2.0,3.0,0.667,0.0,1.0,0.0,2.0,3.0,0.667,2.0,3.0,5.0,0.0,1.0,0.0,2.0,2.0,6.0,4.0,1610612760,1610612745
0022400192,1610612745,HOU,Houston,1629098,Jack McVeigh,Jack,,,6.000000:03,1.0,2.0,0.5,1.0,2.0,0.5,0.0,0.0,0.0,0.0,2.0,2.0,0.0,0.0,0.0,1.0,0.0,3.0,4.0,1610612760,1610612745
0022400192,1610612745,HOU,Houston,201145,Jeff Green,Jeff,,,3.000000:48,1.0,1.0,1.0,1.0,1.0,1.0,0.0,0.0,0.0,0.0,0.0,0.0,0.0,0.0,0.0,1.0,0.0,3.0,7.0,1610612760,1610612745
0022400192,1610612760,OKC,Oklahoma City,1629652,Luguentz Dort,Luguentz,F,,18.000000:59,1.0,7.0,0.143,1.0,5.0,0.2,0.0,0.0,0.0,0.0,0.0,0.0,1.0,0.0,0.0,1.0,3.0,3.0,7.0,1610612760,1610612745
0022400192,1610612760,OKC,Oklahoma City,1631114,Jalen Williams,Jalen,F,,31.000000:39,7.0,11.0,0.636,0.0,1.0,0.0,0.0,0.0,0.0,0.0,5.0,5.0,3.0,0.0,1.0,3.0,3.0,14.0,21.0,1610612760,1610612745
0022400192,1610612760,OKC,Oklahoma City,1631096,Chet Holmgren,Chet,C,,29.000000:10,8.0,14.0,0.571,4.0,6.0,0.667,9.0,10.0,0.9,1.0,4.0,5.0,1.0,0.0,3.0,1.0,1.0,29.0,16.0,1610612760,1610612745
0022400192,1610612760,OKC,Oklahoma City,1641717,Cason Wallace,Cason,G,,22.000000:52,2.0,4.0,0.5,0.0,1.0,0.0,0.0,0.0,0.0,3.0,2.0,5.0,1.0,1.0,1.0,0.0,2.0,4.0,3.0,1610612760,1610612745
0022400192,1610612760,OKC,Oklahoma City,1628983,Shai Gilgeous-Alexander,Shai,G,,29.000000:02,11.0,16.0,0.688,1.0,2.0,0.5,6.0,7.0,0.857,1.0,4.0,5.0,4.0,1.0,1.0,3.0,2.0,29.0,5.0,1610612760,1610612745
0022400192,1610612760,OKC,Oklahoma City,1627936,Alex Caruso,Alex,,,13.000000:46,3.0,5.0,0.6,2.0,3.0,0.667,2.0,2.0,1.0,1.0,3.0,4.0,1.0,1.0,0.0,0.0,2.0,10.0,7.0,1610612760,1610612745
0022400192,1610612760,OKC,Oklahoma City,1630598,Aaron Wiggins,Aaron,,,29.000000:43,3.0,9.0,0.333,2.0,3.0,0.667,0.0,0.0,0.0,1.0,4.0,5.0,5.0,1.0,1.0,0.0,1.0,8.0,14.0,1610612760,1610612745
0022400192,1610612760,OKC,Oklahoma City,1641794,Dillon Jones,Dillon,,,11.000000:51,1.0,6.0,0.167,0.0,5.0,0.0,0.0,0.0,0.0,0.0,2.0,2.0,0.0,1.0,1.0,1.0,1.0,2.0,-4.0,1610612760,1610612745
0022400192,1610612760,OKC,Oklahoma City,1630198,Isaiah Joe,Isaiah,,,23.000000:46,5.0,10.0,0.5,3.0,8.0,0.375,1.0,1.0,1.0,0.0,6.0,6.0,1.0,0.0,0.0,0.0,5.0,14.0,17.0,1610612760,1610612745
0022400192,1610612760,OKC,Oklahoma City,1642349,Ajay Mitchell,Ajay,,,19.000000:43,5.0,6.0,0.833,1.0,2.0,0.5,1.0,1.0,1.0,0.0,2.0,2.0,7.0,3.0,0.0,0.0,2.0,12.0,18.0,1610612760,1610612745
0022400192,1610612760,OKC,Oklahoma City,1631172,Ousmane Dieng,Ousmane,,,5.000000:36,0.0,2.0,0.0,0.0,1.0,0.0,0.0,0.0,0.0,0.0,2.0,2.0,0.0,1.0,0.0,1.0,0.0,0.0,-2.0,1610612760,1610612745
0022400192,1610612760,OKC,Oklahoma City,1642502,Malevy Leons,Malevy,,,3.000000:53,0.0,0.0,0.0,0.0,0.0,0.0,1.0,2.0,0.5,0.0,0.0,0.0,0.0,0.0,0.0,0.0,1.0,1.0,-7.0,1610612760,1610612745
0022400193,1610612757,POR,Portland,1641739,Toumani Camara,Toumani,F,,25.000000:25,1.0,3.0,0.333,0.0,2.0,0.0,1.0,2.0,0.5,2.0,3.0,5.0,0.0,2.0,1.0,6.0,4.0,3.0,-3.0,1610612750,1610612757
0022400193,1610612757,POR,Portland,203924,Jerami Grant,Jerami,F,,26.000000:56,4.0,10.0,0.4,2.0,4.0,0.5,2.0,3.0,0.667,0.0,1.0,1.0,0.0,0.0,2.0,0.0,1.0,12.0,-25.0,1610612750,1610612757
0022400193,1610612757,POR,Portland,1629028,Deandre Ayton,Deandre,C,,17.000000:54,2.0,6.0,0.333,0.0,1.0,0.0,0.0,0.0,0.0,2.0,4.0,6.0,0.0,1.0,0.0,1.0,1.0,4.0,-8.0,1610612750,1610612757
0022400193,1610612757,POR,Portland,1630166,Deni Avdija,Deni,G,,23.000000:27,4.0,9.0,0.444,0.0,2.0,0.0,1.0,3.0,0.333,1.0,4.0,5.0,1.0,1.0,0.0,1.0,2.0,9.0,-26.0,1610612750,1610612757
0022400193,1610612757,POR,Portland,1629014,Anfernee Simons,Anfernee,G,,26.000000:47,6.0,16.0,0.375,2.0,7.0,0.286,0.0,0.0,0.0,0.0,1.0,1.0,2.0,1.0,0.0,1.0,2.0,14.0,-23.0,1610612750,1610612757
0022400193,1610612757,POR,Portland,1630703,Scoot Henderson,Scoot,,,32.000000:24,6.0,14.0,0.429,0.0,1.0,0.0,4.0,4.0,1.0,2.0,2.0,4.0,3.0,1.0,0.0,3.0,4.0,16.0,0.0,1610612750,1610612757
0022400193,1610612757,POR,Portland,1631101,Shaedon Sharpe,Shaedon,,,20.000000:44,2.0,8.0,0.25,0.0,4.0,0.0,2.0,3.0,0.667,0.0,2.0,2.0,2.0,0.0,0.0,2.0,1.0,6.0,0.0,1610612750,1610612757
0022400193,1610612757,POR,Portland,1642270,Donovan Clingan,Donovan,,,18.000000:34,3.0,7.0,0.429,0.0,0.0,0.0,0.0,0.0,0.0,1.0,2.0,3.0,0.0,0.0,2.0,0.0,1.0,6.0,-19.0,1610612750,1610612757
0022400193,1610612757,POR,Portland,1629057,Robert Williams III,Robert,,,17.000000:01,4.0,5.0,0.8,1.0,1.0,1.0,4.0,4.0,1.0,2.0,1.0,3.0,2.0,2.0,1.0,0.0,0.0,13.0,-10.0,1610612750,1610612757
0022400193,1610612757,POR,Portland,1630625,Dalano Banton,Dalano,,,12.000000:00,4.0,7.0,0.571,0.0,1.0,0.0,4.0,5.0,0.8,0.0,2.0,2.0,2.0,2.0,1.0,0.0,0.0,12.0,-2.0,1610612750,1610612757
0022400193,1610612757,POR,Portland,1641712,Rayan Rupert,Rayan,,,6.000000:58,1.0,2.0,0.5,1.0,1.0,1.0,0.0,0.0,0.0,0.0,1.0,1.0,0.0,0.0,0.0,1.0,0.0,3.0,-3.0,1610612750,1610612757
0022400193,1610612757,POR,Portland,1631200,Kris Murray,Kris,,,6.000000:58,2.0,4.0,0.5,0.0,1.0,0.0,0.0,0.0,0.0,1.0,1.0,2.0,1.0,1.0,0.0,0.0,1.0,4.0,-3.0,1610612750,1610612757
0022400193,1610612757,POR,Portland,1631133,Jabari Walker,Jabari,,,4.000000:52,0.0,0.0,0.0,0.0,0.0,0.0,0.0,0.0,0.0,1.0,1.0,2.0,0.0,0.0,0.0,1.0,0.0,0.0,-3.0,1610612750,1610612757
0022400193,1610612757,POR,Portland,1641871,Duop Reath,Duop,,DNP - Coach's Decision,,,,,,,,,,,,,,,,,,,,,1610612750,1610612757
0022400193,1610612757,POR,Portland,1629680,Matisse Thybulle,Matisse,,DNP - Injury/Illness,,,,,,,,,,,,,,,,,,,,,1610612750,1610612757
0022400193,1610612750,MIN,Minnesota,1630183,Jaden McDaniels,Jaden,F,,26.000000:37,2.0,8.0,0.25,1.0,2.0,0.5,0.0,0.0,0.0,0.0,3.0,3.0,2.0,2.0,0.0,0.0,2.0,5.0,7.0,1610612750,1610612757
0022400193,1610612750,MIN,Minnesota,203944,Julius Randle,Julius,F,,32.000000:24,8.0,18.0,0.444,3.0,6.0,0.5,3.0,4.0,0.75,3.0,3.0,6.0,4.0,0.0,1.0,2.0,1.0,22.0,15.0,1610612750,1610612757
0022400193,1610612750,MIN,Minnesota,203497,Rudy Gobert,Rudy,C,,22.000000:32,4.0,5.0,0.8,0.0,0.0,0.0,0.0,0.0,0.0,4.0,11.0,15.0,2.0,0.0,3.0,2.0,5.0,8.0,18.0,1610612750,1610612757
0022400193,1610612750,MIN,Minnesota,1630162,Anthony Edwards,Anthony,G,,30.000000:07,12.0,21.0,0.571,9.0,15.0,0.6,4.0,5.0,0.8,0.0,6.0,6.0,5.0,1.0,1.0,6.0,2.0,37.0,29.0,1610612750,1610612757
0022400193,1610612750,MIN,Minnesota,201144,Mike Conley,Mike,G,,18.000000:18,1.0,7.0,0.143,0.0,4.0,0.0,0.0,0.0,0.0,0.0,1.0,1.0,2.0,1.0,0.0,0.0,2.0,2.0,10.0,1610612750,1610612757
0022400193,1610612750,MIN,Minnesota,1628978,Donte DiVincenzo,Donte,,,29.000000:03,4.0,12.0,0.333,4.0,11.0,0.364,2.0,2.0,1.0,1.0,2.0,3.0,7.0,1.0,0.0,1.0,1.0,14.0,8.0,1610612750,1610612757
0022400193,1610612750,MIN,Minnesota,1629675,Naz Reid,Naz,,,22.000000:05,6.0,11.0,0.545,3.0,5.0,0.6,0.0,0.0,0.0,0.0,4.0,4.0,1.0,1.0,0.0,1.0,4.0,15.0,20.0,1610612750,1610612757
0022400193,1610612750,MIN,Minnesota,1629638,Nickeil Alexander-Walker,Nickeil,,,27.000000:12,3.0,4.0,0.75,1.0,2.0,0.5,2.0,2.0,1.0,1.0,5.0,6.0,3.0,2.0,0.0,3.0,1.0,9.0,12.0,1610612750,1610612757
0022400193,1610612750,MIN,Minnesota,1631169,Josh Minott,Josh,,,12.000000:54,1.0,2.0,0.5,0.0,1.0,0.0,0.0,0.0,0.0,0.0,0.0,0.0,0.0,0.0,1.0,0.0,1.0,2.0,-2.0,1610612750,1610612757
0022400193,1610612750,MIN,Minnesota,1642265,Rob Dillingham,Rob,,,5.000000:42,3.0,3.0,1.0,1.0,1.0,1.0,0.0,0.0,0.0,0.0,3.0,3.0,2.0,0.0,0.0,1.0,1.0,7.0,3.0,1610612750,1610612757
0022400193,1610612750,MIN,Minnesota,1630568,Luka Garza,Luka,,,4.000000:52,3.0,6.0,0.5,0.0,3.0,0.0,0.0,1.0,0.0,0.0,0.0,0.0,0.0,0.0,0.0,0.0,0.0,6.0,3.0,1610612750,1610612757
0022400193,1610612750,MIN,Minnesota,1630545,Terrence Shannon Jr.,Terrence,,,4.000000:07,0.0,0.0,0.0,0.0,0.0,0.0,0.0,0.0,0.0,0.0,0.0,0.0,2.0,1.0,1.0,1.0,0.0,0.0,1.0,1610612750,1610612757
0022400193,1610612750,MIN,Minnesota,1628408,PJ Dozier,PJ,,,4.000000:07,0.0,0.0,0.0,0.0,0.0,0.0,0.0,0.0,0.0,1.0,1.0,2.0,2.0,0.0,0.0,0.0,1.0,0.0,1.0,1610612750,1610612757
0022400193,1610612750,MIN,Minnesota,204060,Joe Ingles,Joe,,DNP - Coach's Decision,,,,,,,,,,,,,,,,,,,,,1610612750,1610612757
0022400194,1610612748,MIA,Miami,202710,Jimmy Butler,Jimmy,F,,6.000000:44,1.0,2.0,0.5,0.0,1.0,0.0,0.0,0.0,0.0,1.0,0.0,1.0,2.0,0.0,0.0,1.0,0.0,2.0,-10.0,1610612743,1610612748
0022400194,1610612748,MIA,Miami,1631107,Nikola Jović,Nikola,F,,19.000000:58,4.0,7.0,0.571,1.0,2.0,0.5,2.0,2.0,1.0,2.0,2.0,4.0,2.0,3.0,0.0,1.0,0.0,11.0,-7.0,1610612743,1610612748
0022400194,1610612748,MIA,Miami,1628389,Bam Adebayo,Bam,C,,38.000000:42,7.0,18.0,0.389,1.0,5.0,0.2,5.0,6.0,0.833,2.0,7.0,9.0,4.0,2.0,0.0,3.0,3.0,20.0,-9.0,1610612743,1610612748
0022400194,1610612748,MIA,Miami,1629639,Tyler Herro,Tyler,G,,40.000000:14,10.0,21.0,0.476,4.0,10.0,0.4,0.0,0.0,0.0,1.0,6.0,7.0,11.0,0.0,0.0,1.0,0.0,24.0,-3.0,1610612743,1610612748
0022400194,1610612748,MIA,Miami,1626179,Terry Rozier,Terry,G,,34.000000:46,6.0,13.0,0.462,2.0,3.0,0.667,1.0,1.0,1.0,2.0,1.0,3.0,4.0,1.0,0.0,1.0,1.0,15.0,-22.0,1610612743,1610612748
0022400194,1610612748,MIA,Miami,1641796,Pelle Larsson,Pelle,,,14.000000:01,1.0,1.0,1.0,1.0,1.0,1.0,2.0,4.0,0.5,0.0,2.0,2.0,2.0,0.0,0.0,1.0,1.0,5.0,-14.0,1610612743,1610612748
0022400194,1610612748,MIA,Miami,1629312,Haywood Highsmith,Haywood,,,35.000000:04,6.0,10.0,0.6,3.0,6.0,0.5,0.0,0.0,0.0,0.0,0.0,0.0,2.0,0.0,0.0,0.0,5.0,15.0,-3.0,1610612743,1610612748
0022400194,1610612748,MIA,Miami,1642276,Kel'el Ware,Kel'el,,,2.000000:09,0.0,1.0,0.0,0.0,0.0,0.0,0.0,0.0,0.0,0.0,0.0,0.0,0.0,0.0,0.0,0.0,2.0,0.0,-6.0,1610612743,1610612748
0022400194,1610612748,MIA,Miami,1629130,Duncan Robinson,Duncan,,,20.000000:17,7.0,12.0,0.583,6.0,10.0,0.6,0.0,0.0,0.0,0.0,3.0,3.0,3.0,1.0,0.0,1.0,4.0,20.0,8.0,1610612743,1610612748
0022400194,1610612748,MIA,Miami,1626196,Josh Richardson,Josh,,,21.000000:04,4.0,8.0,0.5,2.0,4.0,0.5,0.0,0.0,0.0,1.0,1.0,2.0,3.0,4.0,0.0,2.0,3.0,10.0,1.0,1610612743,1610612748
0022400194,1610612748,MIA,Miami,1628418,Thomas Bryant,Thomas,,,7.000000:02,0.0,1.0,0.0,0.0,1.0,0.0,0.0,0.0,0.0,0.0,2.0,2.0,0.0,0.0,1.0,0.0,0.0,0.0,0.0,1610612743,1610612748
0022400194,1610612748,MIA,Miami,202692,Alec Burks,Alec,,DNP - Coach's Decision,,,,,,,,,,,,,,,,,,,,,1610612743,1610612748
0022400194,1610612748,MIA,Miami,1631170,Jaime Jaquez Jr.,Jaime,,DND-Return to Competition Reconditioning,,,,,,,,,,,,,,,,,,,,,1610612743,1610612748
0022400194,1610612748,MIA,Miami,201567,Kevin Love,Kevin,,DND-Return to Competition Reconditioning,,,,,,,,,,,,,,,,,,,,,1610612743,1610612748
0022400194,1610612743,DEN,Denver,1629008,Michael Porter Jr.,Michael,F,,36.000000:25,8.0,15.0,0.533,5.0,10.0,0.5,0.0,0.0,0.0,0.0,5.0,5.0,4.0,2.0,1.0,2.0,2.0,21.0,24.0,1610612743,1610612748
0022400194,1610612743,DEN,Denver,1631212,Peyton Watson,Peyton,F,,32.000000:53,7.0,11.0,0.636,2.0,3.0,0.667,0.0,0.0,0.0,2.0,3.0,5.0,1.0,1.0,1.0,0.0,3.0,16.0,12.0,1610612743,1610612748
0022400194,1610612743,DEN,Denver,203999,Nikola Jokić,Nikola,C,,39.000000:60,11.0,13.0,0.846,1.0,1.0,1.0,7.0,7.0,1.0,2.0,9.0,11.0,14.0,2.0,0.0,5.0,2.0,30.0,26.0,1610612743,1610612748
0022400194,1610612743,DEN,Denver,1631128,Christian Braun,Christian,G,,35.000000:15,7.0,9.0,0.778,3.0,4.0,0.75,4.0,6.0,0.667,1.0,5.0,6.0,2.0,0.0,1.0,1.0,1.0,21.0,14.0,1610612743,1610612748
0022400194,1610612743,DEN,Denver,1627750,Jamal Murray,Jamal,G,,34.000000:55,9.0,17.0,0.529,4.0,10.0,0.4,6.0,6.0,1.0,0.0,4.0,4.0,6.0,0.0,0.0,4.0,0.0,28.0,28.0,1610612743,1610612748
0022400194,1610612743,DEN,Denver,1631124,Julian Strawther,Julian,,,24.000000:04,3.0,8.0,0.375,0.0,3.0,0.0,0.0,0.0,0.0,0.0,1.0,1.0,0.0,0.0,1.0,2.0,1.0,6.0,-12.0,1610612743,1610612748
0022400194,1610612743,DEN,Denver,201566,Russell Westbrook,Russell,,,24.000000:03,2.0,5.0,0.4,2.0,3.0,0.667,0.0,0.0,0.0,0.0,4.0,4.0,10.0,0.0,1.0,2.0,2.0,6.0,-5.0,1610612743,1610612748
0022400194,1610612743,DEN,Denver,1641816,Hunter Tyson,Hunter,,,9.000000:18,3.0,3.0,1.0,1.0,1.0,1.0,0.0,0.0,0.0,1.0,1.0,2.0,0.0,0.0,0.0,1.0,2.0,7.0,-12.0,1610612743,1610612748
0022400194,1610612743,DEN,Denver,1630192,Zeke Nnaji,Zeke,,,3.000000:08,0.0,0.0,0.0,0.0,0.0,0.0,0.0,0.0,0.0,0.0,1.0,1.0,0.0,0.0,0.0,0.0,0.0,0.0,-10.0,1610612743,1610612748
0022400194,1610612743,DEN,Denver,1641725,Trey Alexander,Trey,,DNP - Coach's Decision,,,,,,,,,,,,,,,,,,,,,1610612743,1610612748
0022400194,1610612743,DEN,Denver,1642461,Spencer Jones,Spencer,,DNP - Coach's Decision,,,,,,,,,,,,,,,,,,,,,1610612743,1610612748
0022400194,1610612743,DEN,Denver,201599,DeAndre Jordan,DeAndre,,DNP - Coach's Decision,,,,,,,,,,,,,,,,,,,,,1610612743,1610612748
0022400194,1610612743,DEN,Denver,203967,Dario Šarić,Dario,,DNP - Coach's Decision,,,,,,,,,,,,,,,,,,,,,1610612743,1610612748
0022400195,1610612755,PHI,Philadelphia,202331,Paul George,Paul,F,,24.000000:57,4.0,13.0,0.308,0.0,6.0,0.0,1.0,2.0,0.5,1.0,3.0,4.0,8.0,1.0,0.0,0.0,2.0,9.0,-4.0,1610612747,1610612755
0022400195,1610612755,PHI,Philadelphia,1628997,Caleb Martin,Caleb,F,,26.000000:10,5.0,6.0,0.833,3.0,4.0,0.75,0.0,0.0,0.0,1.0,2.0,3.0,5.0,0.0,0.0,2.0,0.0,13.0,-3.0,1610612747,1610612755
0022400195,1610612755,PHI,Philadelphia,203083,Andre Drummond,Andre,C,,22.000000:20,6.0,12.0,0.5,0.0,0.0,0.0,2.0,7.0,0.286,5.0,7.0,12.0,0.0,3.0,0.0,0.0,4.0,14.0,-19.0,1610612747,1610612755
0022400195,1610612755,PHI,Philadelphia,1626162,Kelly Oubre Jr.,Kelly,G,,30.000000:20,4.0,16.0,0.25,0.0,4.0,0.0,1.0,2.0,0.5,3.0,3.0,6.0,2.0,0.0,0.0,0.0,0.0,9.0,-18.0,1610612747,1610612755
0022400195,1610612755,PHI,Philadelphia,200768,Kyle Lowry,Kyle,G,,31.000000:34,1.0,7.0,0.143,1.0,6.0,0.167,2.0,2.0,1.0,0.0,3.0,3.0,6.0,0.0,1.0,1.0,1.0,5.0,-6.0,1610612747,1610612755
0022400195,1610612755,PHI,Philadelphia,1642272,Jared McCain,Jared,,,30.000000:31,6.0,17.0,0.353,4.0,9.0,0.444,2.0,2.0,1.0,0.0,1.0,1.0,2.0,1.0,0.0,2.0,1.0,18.0,0.0,1610612747,1610612755
0022400195,1610612755,PHI,Philadelphia,1627824,Guerschon Yabusele,Guerschon,,,23.000000:22,5.0,6.0,0.833,3.0,4.0,0.75,1.0,2.0,0.5,1.0,4.0,5.0,0.0,1.0,1.0,0.0,1.0,14.0,5.0,1610612747,1610612755
0022400195,1610612755,PHI,Philadelphia,1630231,KJ Martin,KJ,,,17.000000:07,4.0,5.0,0.8,1.0,1.0,1.0,2.0,2.0,1.0,0.0,2.0,2.0,0.0,0.0,1.0,0.0,1.0,11.0,-15.0,1610612747,1610612755
0022400195,1610612755,PHI,Philadelphia,202704,Reggie Jackson,Reggie,,,10.000000:57,1.0,6.0,0.167,1.0,4.0,0.25,0.0,0.0,0.0,0.0,2.0,2.0,2.0,0.0,0.0,0.0,4.0,3.0,-9.0,1610612747,1610612755
0022400195,1610612755,PHI,Philadelphia,1641741,Ricky Council IV,Ricky,,,15.000000:10,0.0,4.0,0.0,0.0,1.0,0.0,2.0,2.0,1.0,1.0,2.0,3.0,2.0,0.0,0.0,0.0,0.0,2.0,3.0,1610612747,1610612755
0022400195,1610612755,PHI,Philadelphia,1630288,Jeff Dowtin Jr.,Jeff,,,2.000000:56,1.0,2.0,0.5,0.0,0.0,0.0,0.0,0.0,0.0,0.0,0.0,0.0,1.0,0.0,0.0,0.0,0.0,2.0,8.0,1610612747,1610612755
0022400195,1610612755,PHI,Philadelphia,1631311,Lester Quinones,Lester,,,2.000000:18,1.0,1.0,1.0,0.0,0.0,0.0,1.0,1.0,1.0,1.0,1.0,2.0,0.0,0.0,0.0,0.0,0.0,3.0,4.0,1610612747,1610612755
0022400195,1610612755,PHI,Philadelphia,1641737,Adem Bona,Adem,,,2.000000:18,1.0,1.0,1.0,0.0,0.0,0.0,1.0,1.0,1.0,0.0,1.0,1.0,0.0,0.0,1.0,0.0,0.0,3.0,4.0,1610612747,1610612755
0022400195,1610612755,PHI,Philadelphia,203954,Joel Embiid,Joel,,DNP - League Suspension,,,,,,,,,,,,,,,,,,,,,1610612747,1610612755
0022400195,1610612755,PHI,Philadelphia,201569,Eric Gordon,Eric,,DNP - Coach's Decision,,,,,,,,,,,,,,,,,,,,,1610612747,1610612755
0022400195,1610612747,LAL,Los Angeles,1629060,Rui Hachimura,Rui,F,,32.000000:50,3.0,8.0,0.375,3.0,6.0,0.5,0.0,0.0,0.0,1.0,3.0,4.0,1.0,0.0,0.0,1.0,5.0,9.0,-4.0,1610612747,1610612755
0022400195,1610612747,LAL,Los Angeles,2544,LeBron James,LeBron,F,,33.000000:48,9.0,14.0,0.643,2.0,4.0,0.5,1.0,1.0,1.0,0.0,12.0,12.0,13.0,0.0,3.0,2.0,0.0,21.0,12.0,1610612747,1610612755
0022400195,1610612747,LAL,Los Angeles,203076,Anthony Davis,Anthony,C,,35.000000:30,11.0,20.0,0.55,2.0,3.0,0.667,7.0,8.0,0.875,3.0,6.0,9.0,1.0,0.0,4.0,3.0,2.0,31.0,20.0,1610612747,1610612755
0022400195,1610612747,LAL,Los Angeles,1630559,Austin Reaves,Austin,G,,29.000000:56,7.0,13.0,0.538,6.0,10.0,0.6,0.0,0.0,0.0,0.0,6.0,6.0,7.0,0.0,1.0,2.0,1.0,20.0,14.0,1610612747,1610612755
0022400195,1610612747,LAL,Los Angeles,1629629,Cam Reddish,Cam,G,,27.000000:49,1.0,1.0,1.0,1.0,1.0,1.0,0.0,0.0,0.0,0.0,5.0,5.0,2.0,1.0,1.0,1.0,1.0,3.0,-6.0,1610612747,1610612755
0022400195,1610612747,LAL,Los Angeles,1626156,D'Angelo Russell,D'Angelo,,,25.000000:24,7.0,12.0,0.583,2.0,4.0,0.5,2.0,3.0,0.667,0.0,2.0,2.0,3.0,0.0,0.0,2.0,0.0,18.0,13.0,1610612747,1610612755
0022400195,1610612747,LAL,Los Angeles,1642261,Dalton Knecht,Dalton,,,16.000000:10,1.0,8.0,0.125,0.0,5.0,0.0,0.0,0.0,0.0,0.0,4.0,4.0,0.0,0.0,0.0,0.0,0.0,2.0,17.0,1610612747,1610612755
0022400195,1610612747,LAL,Los Angeles,1629216,Gabe Vincent,Gabe,,,15.000000:40,1.0,2.0,0.5,0.0,1.0,0.0,0.0,0.0,0.0,0.0,0.0,0.0,0.0,0.0,0.0,0.0,3.0,2.0,4.0,1610612747,1610612755
0022400195,1610612747,LAL,Los Angeles,1629637,Jaxson Hayes,Jaxson,,,15.000000:33,3.0,4.0,0.75,0.0,0.0,0.0,2.0,2.0,1.0,1.0,1.0,2.0,0.0,0.0,4.0,0.0,3.0,8.0,0.0,1610612747,1610612755
0022400195,1610612747,LAL,Los Angeles,1631108,Max Christie,Max,,,1.000000:28,1.0,3.0,0.333,0.0,1.0,0.0,0.0,0.0,0.0,0.0,0.0,0.0,0.0,0.0,0.0,0.0,0.0,2.0,-4.0,1610612747,1610612755
0022400195,1610612747,LAL,Los Angeles,1641721,Maxwell Lewis,Maxwell,,,1.000000:28,0.0,0.0,0.0,0.0,0.0,0.0,0.0,0.0,0.0,0.0,0.0,0.0,0.0,0.0,0.0,0.0,1.0,0.0,-4.0,1610612747,1610612755
0022400195,1610612747,LAL,Los Angeles,1641720,Jalen Hood-Schifino,Jalen,,,1.000000:28,0.0,0.0,0.0,0.0,0.0,0.0,0.0,0.0,0.0,0.0,0.0,0.0,0.0,0.0,0.0,0.0,0.0,0.0,-4.0,1610612747,1610612755
0022400195,1610612747,LAL,Los Angeles,1642355,Bronny James,Bronny,,,1.000000:28,0.0,0.0,0.0,0.0,0.0,0.0,0.0,0.0,0.0,0.0,0.0,0.0,0.0,0.0,0.0,0.0,0.0,0.0,-4.0,1610612747,1610612755
0022400195,1610612747,LAL,Los Angeles,1631132,Christian Koloko,Christian,,,1.000000:28,0.0,0.0,0.0,0.0,0.0,0.0,0.0,0.0,0.0,0.0,1.0,1.0,1.0,0.0,0.0,0.0,1.0,0.0,-4.0,1610612747,1610612755
0022400196,1610612746,LAC,LA,1629611,Terance Mann,Terance,F,,22.000000:12,0.0,4.0,0.0,0.0,2.0,0.0,2.0,2.0,1.0,1.0,4.0,5.0,3.0,0.0,0.0,0.0,2.0,2.0,17.0,1610612758,1610612746
0022400196,1610612746,LAC,LA,1627884,Derrick Jones Jr.,Derrick,F,,30.000000:38,5.0,8.0,0.625,4.0,5.0,0.8,0.0,0.0,0.0,0.0,4.0,4.0,0.0,2.0,0.0,2.0,2.0,14.0,4.0,1610612758,1610612746
0022400196,1610612746,LAC,LA,1627826,Ivica Zubac,Ivica,C,,36.000000:35,6.0,9.0,0.667,0.0,0.0,0.0,1.0,2.0,0.5,7.0,8.0,15.0,5.0,0.0,2.0,1.0,3.0,13.0,-4.0,1610612758,1610612746
0022400196,1610612746,LAC,LA,1626181,Norman Powell,Norman,G,,39.000000:18,10.0,23.0,0.435,5.0,9.0,0.556,6.0,7.0,0.857,2.0,10.0,12.0,2.0,1.0,0.0,3.0,2.0,31.0,14.0,1610612758,1610612746
0022400196,1610612746,LAC,LA,201935,James Harden,James,G,,34.000000:31,5.0,16.0,0.313,3.0,6.0,0.5,9.0,9.0,1.0,0.0,4.0,4.0,8.0,2.0,0.0,7.0,2.0,22.0,7.0,1610612758,1610612746
0022400196,1610612746,LAC,LA,1627739,Kris Dunn,Kris,,,18.000000:09,0.0,1.0,0.0,0.0,1.0,0.0,0.0,0.0,0.0,1.0,2.0,3.0,1.0,0.0,0.0,0.0,3.0,0.0,-5.0,1610612758,1610612746
0022400196,1610612746,LAC,LA,1629645,Kevin Porter Jr.,Kevin,,,18.000000:33,5.0,9.0,0.556,0.0,1.0,0.0,1.0,1.0,1.0,0.0,0.0,0.0,0.0,1.0,0.0,4.0,1.0,11.0,4.0,1610612758,1610612746
0022400196,1610612746,LAC,LA,1629599,Amir Coffey,Amir,,,28.000000:39,5.0,11.0,0.455,2.0,6.0,0.333,2.0,2.0,1.0,0.0,1.0,1.0,1.0,1.0,0.0,0.0,2.0,14.0,-5.0,1610612758,1610612746
0022400196,1610612746,LAC,LA,201587,Nicolas Batum,Nicolas,,,11.000000:25,0.0,0.0,0.0,0.0,0.0,0.0,0.0,0.0,0.0,1.0,3.0,4.0,0.0,0.0,0.0,1.0,4.0,0.0,13.0,1610612758,1610612746
0022400196,1610612746,LAC,LA,1641738,Kobe Brown,Kobe,,DNP - Coach's Decision,,,,,,,,,,,,,,,,,,,,,1610612758,1610612746
0022400196,1610612746,LAC,LA,1630538,Bones Hyland,Bones,,DNP - Coach's Decision,,,,,,,,,,,,,,,,,,,,,1610612758,1610612746
0022400196,1610612746,LAC,LA,1630539,Kai Jones,Kai,,DNP - Coach's Decision,,,,,,,,,,,,,,,,,,,,,1610612758,1610612746
0022400196,1610612746,LAC,LA,1641757,Jordan Miller,Jordan,,DNP - Coach's Decision,,,,,,,,,,,,,,,,,,,,,1610612758,1610612746
0022400196,1610612758,SAC,Sacramento,201942,DeMar DeRozan,DeMar,F,,39.000000:36,5.0,12.0,0.417,0.0,2.0,0.0,3.0,4.0,0.75,0.0,1.0,1.0,6.0,2.0,0.0,2.0,1.0,13.0,-9.0,1610612758,1610612746
0022400196,1610612758,SAC,Sacramento,1631099,Keegan Murray,Keegan,F,,39.000000:16,2.0,10.0,0.2,0.0,6.0,0.0,3.0,3.0,1.0,4.0,6.0,10.0,2.0,0.0,1.0,0.0,2.0,7.0,-16.0,1610612758,1610612746
0022400196,1610612758,SAC,Sacramento,1627734,Domantas Sabonis,Domantas,C,,37.000000:33,9.0,12.0,0.75,0.0,2.0,0.0,5.0,6.0,0.833,0.0,12.0,12.0,6.0,1.0,0.0,2.0,4.0,23.0,4.0,1610612758,1610612746
0022400196,1610612758,SAC,Sacramento,1628989,Kevin Huerter,Kevin,G,,19.000000:59,2.0,5.0,0.4,0.0,3.0,0.0,0.0,0.0,0.0,0.0,2.0,2.0,1.0,0.0,0.0,0.0,2.0,4.0,-11.0,1610612758,1610612746
0022400196,1610612758,SAC,Sacramento,1628368,De'Aaron Fox,De'Aaron,G,,37.000000:39,12.0,20.0,0.6,2.0,5.0,0.4,5.0,6.0,0.833,1.0,2.0,3.0,0.0,1.0,0.0,7.0,4.0,31.0,-11.0,1610612758,1610612746
0022400196,1610612758,SAC,Sacramento,1628370,Malik Monk,Malik,,,31.000000:10,6.0,13.0,0.462,0.0,3.0,0.0,5.0,5.0,1.0,0.0,1.0,1.0,3.0,2.0,2.0,1.0,2.0,17.0,1.0,1610612758,1610612746
0022400196,1610612758,SAC,Sacramento,1631165,Keon Ellis,Keon,,,19.000000:21,1.0,3.0,0.333,1.0,3.0,0.333,0.0,0.0,0.0,0.0,1.0,1.0,1.0,0.0,0.0,1.0,3.0,3.0,2.0,1610612758,1610612746
0022400196,1610612758,SAC,Sacramento,203458,Alex Len,Alex,,,8.000000:49,0.0,0.0,0.0,0.0,0.0,0.0,0.0,0.0,0.0,0.0,3.0,3.0,0.0,0.0,0.0,0.0,1.0,0.0,-9.0,1610612758,1610612746
0022400196,1610612758,SAC,Sacramento,1626168,Trey Lyles,Trey,,,6.000000:37,0.0,3.0,0.0,0.0,2.0,0.0,0.0,0.0,0.0,0.0,2.0,2.0,0.0,0.0,0.0,0.0,0.0,0.0,4.0,1610612758,1610612746
0022400196,1610612758,SAC,Sacramento,1641732,Colby Jones,Colby,,DNP - Coach's Decision,,,,,,,,,,,,,,,,,,,,,1610612758,1610612746
0022400196,1610612758,SAC,Sacramento,1642403,Isaac Jones,Isaac,,DNP - Coach's Decision,,,,,,,,,,,,,,,,,,,,,1610612758,1610612746
0022400196,1610612758,SAC,Sacramento,203926,Doug McDermott,Doug,,DNP - Coach's Decision,,,,,,,,,,,,,,,,,,,,,1610612758,1610612746
0022400196,1610612758,SAC,Sacramento,1629162,Jordan McLaughlin,Jordan,,DNP - Coach's Decision,,,,,,,,,,,,,,,,,,,,,1610612758,1610612746
